seq,product_id,category_code,unit_code,inventory_type,item_category,item_name,item_description,unit_of_measure,item_color,item_brand,item_variant,item_size,unit_cost,selling_price,vatable,bar_code,sku,isDiscountable,beginning_inventory,actual_count,remaining_count,variance,safety_stock,reordering_point,status
1158,BD-bb539a496e0b,Crab & Crack,BU-fca786ffced3,ALL,SEAFOOD PLATTER,3-4 CG,3-4 CG,PLATTER,,BR-2c0670411104,,,679.6,1699,Yes,,,Yes,0,0,0,,0,0,Active
1159,BD-5517f938cc8c,Crab & Crack,BU-fca786ffced3,ALL,SEAFOOD PLATTER,3-4 CJ,3-4 CJ,PLATTER,,BR-2c0670411104,,,679.6,1699,Yes,,,Yes,0,0,0,,0,0,Active
1160,BD-dcfe63b1d1a6,Crab & Crack,BU-fca786ffced3,ALL,SEAFOOD PLATTER,3-4 BG,3-4 BG,PLATTER,,BR-2c0670411104,,,679.6,1699,Yes,,,Yes,0,0,0,,0,0,Active
1161,BD-bb9a631da1a1,Crab & Crack,BU-fca786ffced3,ALL,SEAFOOD PLATTER,3-4 LB,3-4 LB,PLATTER,,BR-2c0670411104,,,679.6,1699,Yes,,,Yes,0,0,0,,0,0,Active
1162,BD-0b37ac8892c4,Crab & Crack,BU-fca786ffced3,ALL,SEAFOOD PLATTER,3-4 SE,3-4 SE,PLATTER,,BR-2c0670411104,,,679.6,1699,Yes,,,Yes,0,0,0,,0,0,Active
1163,BD-276670397efb,Crab & Crack,BU-fca786ffced3,ALL,SEAFOOD PLATTER,3-4 SHRIMP CG,3-4 SHRIMP CG,PLATTER,,BR-2c0670411104,,,559.6,1399,Yes,,,Yes,0,0,0,,0,0,Active
1164,BD-ddb7546125d0,Crab & Crack,BU-fca786ffced3,ALL,SEAFOOD PLATTER,3-4 SHRIMP CJ,3-4 SHRIMP CJ,PLATTER,,BR-2c0670411104,,,559.6,1399,Yes,,,Yes,0,0,0,,0,0,Active
1165,BD-7587a11f832b,Crab & Crack,BU-fca786ffced3,ALL,SEAFOOD PLATTER,3-4 SHRIMP BG,3-4 SHRIMP BG,PLATTER,,BR-2c0670411104,,,559.6,1399,Yes,,,Yes,0,0,0,,0,0,Active
1166,BD-514820520130,Crab & Crack,BU-fca786ffced3,ALL,SEAFOOD PLATTER,3-4 SHRIMP LB,3-4 SHRIMP LB,PLATTER,,BR-2c0670411104,,,559.6,1399,Yes,,,Yes,0,0,0,,0,0,Active
1167,BD-caab6099d669,Crab & Crack,BU-fca786ffced3,ALL,SEAFOOD PLATTER,3-4 SHRIMP SE,3-4 SHRIMP SE,PLATTER,,BR-2c0670411104,,,559.6,1399,Yes,,,Yes,0,0,0,,0,0,Active
1168,BD-c273dbc7d52b,Crab & Crack,BU-fca786ffced3,ALL,SEAFOOD PLATTER,1KG SCALLOPS CG,1KG SCALLOPS CG,PLATTER,,BR-2c0670411104,,,279.6,699,Yes,,,Yes,0,0,0,,0,0,Active
1169,BD-8a77b41d6d04,Crab & Crack,BU-fca786ffced3,ALL,SEAFOOD PLATTER,1KG SCALLOPS CJ,1KG SCALLOPS CJ,PLATTER,,BR-2c0670411104,,,279.6,699,Yes,,,Yes,0,0,0,,0,0,Active
1170,BD-69f99b69923f,Crab & Crack,BU-fca786ffced3,ALL,SEAFOOD PLATTER,1KG SCALLOPS BG,1KG SCALLOPS BG,PLATTER,,BR-2c0670411104,,,279.6,699,Yes,,,Yes,0,0,0,,0,0,Active
1171,BD-5f58e3b77913,Crab & Crack,BU-fca786ffced3,ALL,SEAFOOD PLATTER,1KG SCALLOPS LB,1KG SCALLOPS LB,PLATTER,,BR-2c0670411104,,,279.6,699,Yes,,,Yes,0,0,0,,0,0,Active
1172,BD-e745698bbdd3,Crab & Crack,BU-fca786ffced3,ALL,SEAFOOD PLATTER,1KG SCALLOPS SE,1KG SCALLOPS SE,PLATTER,,BR-2c0670411104,,,279.6,699,Yes,,,Yes,0,0,0,,0,0,Active
1173,BD-5d3f1f9f5cc1,Crab & Crack,BU-fca786ffced3,ALL,SEAFOOD BILAO,CRAB BILAO CG,CRAB BILAO CG,BILAO,,BR-2c0670411104,,,1639.6,4099,Yes,,,Yes,0,0,0,,0,0,Active
1174,BD-70eecfb879e2,Crab & Crack,BU-fca786ffced3,ALL,SEAFOOD BILAO,CRAB BILAO CJ,CRAB BILAO CJ,BILAO,,BR-2c0670411104,,,1639.6,4099,Yes,,,Yes,0,0,0,,0,0,Active
1175,BD-8ee6ddbfbfb1,Crab & Crack,BU-fca786ffced3,ALL,SEAFOOD BILAO,CRAB BILAO BG,CRAB BILAO BG,BILAO,,BR-2c0670411104,,,1639.6,4099,Yes,,,Yes,0,0,0,,0,0,Active
1176,BD-88748fb18629,Crab & Crack,BU-fca786ffced3,ALL,SEAFOOD BILAO,CRAB BILAO LB,CRAB BILAO LB,BILAO,,BR-2c0670411104,,,1639.6,4099,Yes,,,Yes,0,0,0,,0,0,Active
1177,BD-d1995661c13a,Crab & Crack,BU-fca786ffced3,ALL,SEAFOOD BILAO,CRAB BILAO SE,CRAB BILAO SE,BILAO,,BR-2c0670411104,,,1639.6,4099,Yes,,,Yes,0,0,0,,0,0,Active
1178,BD-29278939c19d,Crab & Crack,BU-fca786ffced3,ALL,SEAFOOD BILAO,SHRIMP BILAO CG,SHRIMP BILAO CG,BILAO,,BR-2c0670411104,,,679.6,1699,Yes,,,Yes,0,0,0,,0,0,Active
1179,BD-ff0ae20cb6dd,Crab & Crack,BU-fca786ffced3,ALL,SEAFOOD BILAO,SHRIMP BILAO CJ,SHRIMP BILAO CJ,BILAO,,BR-2c0670411104,,,679.6,1699,Yes,,,Yes,0,0,0,,0,0,Active
1180,BD-aefa1fd6de53,Crab & Crack,BU-fca786ffced3,ALL,SEAFOOD BILAO,SHRIMP BILAO BG,SHRIMP BILAO BG,BILAO,,BR-2c0670411104,,,679.6,1699,Yes,,,Yes,0,0,0,,0,0,Active
1181,BD-3b9e0150f37c,Crab & Crack,BU-fca786ffced3,ALL,SEAFOOD BILAO,SHRIMP BILAO LB,SHRIMP BILAO LB,BILAO,,BR-2c0670411104,,,679.6,1699,Yes,,,Yes,0,0,0,,0,0,Active
1182,BD-2ed3fb83efb3,Crab & Crack,BU-fca786ffced3,ALL,SEAFOOD BILAO,SHRIMP BILAO SE,SHRIMP BILAO SE,BILAO,,BR-2c0670411104,,,679.6,1699,Yes,,,Yes,0,0,0,,0,0,Active
1183,BD-cfa10e3d1894,Crab & Crack,BU-fca786ffced3,ALL,SEAFOOD BILAO,MIX C&S BILAO CG,MIX C&S BILAO CG,BILAO,,BR-2c0670411104,,,1079.6,2699,Yes,,,No,0,0,0,,0,0,Active
1184,BD-723a70a5fdb6,Crab & Crack,BU-fca786ffced3,ALL,SEAFOOD BILAO,MIX C&S BILAO CJ,MIX C&S BILAO CJ,BILAO,,BR-2c0670411104,,,1079.6,2699,Yes,,,No,0,0,0,,0,0,Active
1185,BD-18edd239db03,Crab & Crack,BU-fca786ffced3,ALL,SEAFOOD BILAO,MIX C&S BILAO BG,MIX C&S BILAO BG,BILAO,,BR-2c0670411104,,,1079.6,2699,Yes,,,No,0,0,0,,0,0,Active
1186,BD-c1682031713c,Crab & Crack,BU-fca786ffced3,ALL,SEAFOOD BILAO,MIX C&S BILAO LB,MIX C&S BILAO LB,BILAO,,BR-2c0670411104,,,1079.6,2699,Yes,,,No,0,0,0,,0,0,Active
1187,BD-cfe82949bdf5,Crab & Crack,BU-fca786ffced3,ALL,SEAFOOD BILAO,MIX C&S BILAO SE,MIX C&S BILAO SE,BILAO,,BR-2c0670411104,,,1079.6,2699,Yes,,,No,0,0,0,,0,0,Active
1188,BD-8188c88f0c29,Crab & Crack,BU-fca786ffced3,ALL,CRABS N CRACK SAUCES,CG SAUCE,CG SAUCE,SMALL BOWL,,BR-2c0670411104,,,132,330,Yes,,,Yes,0,0,0,,0,0,Active
1189,BD-97b52d074c15,Crab & Crack,BU-fca786ffced3,ALL,CRABS N CRACK SAUCES,CJ SAUCE,CJ SAUCE,SMALL BOWL,,BR-2c0670411104,,,132,330,Yes,,,Yes,0,0,0,,0,0,Active
1190,BD-cc1985e470a3,Crab & Crack,BU-fca786ffced3,ALL,CRABS N CRACK SAUCES,BG SAUCE,BG SAUCE,SMALL BOWL,,BR-2c0670411104,,,132,330,Yes,,,Yes,0,0,0,,0,0,Active
1191,BD-e91f5b3fd359,Crab & Crack,BU-fca786ffced3,ALL,CRABS N CRACK SAUCES,LB SAUCE,LB SAUCE,SMALL BOWL,,BR-2c0670411104,,,132,330,Yes,,,Yes,0,0,0,,0,0,Active
1192,BD-8682fb850f2c,Crab & Crack,BU-fca786ffced3,ALL,CRABS N CRACK SAUCES,SE SAUCE,SE SAUCE,SMALL BOWL,,BR-2c0670411104,,,132,330,Yes,,,Yes,0,0,0,,0,0,Active
1193,BD-821445ad3b47,Crab & Crack,BU-fca786ffced3,ALL,ADD ON,SALTED SAUCE ADD'L,SALTED SAUCE ADD'L,SMALL BOWL,,BR-2c0670411104,,,60,150,Yes,,,No,0,0,0,,0,0,Active
1194,BD-90e45d6fc73b,Crab & Crack,BU-fca786ffced3,ALL,APPETIZERS,CALAMARI,CALAMARI,PLATTER,,BR-2c0670411104,,,115.6,289,Yes,,,Yes,0,0,0,,0,0,Active
1195,BD-d6c95eca40ad,Crab & Crack,BU-fca786ffced3,ALL,APPETIZERS,CHICHARON BULAKLAK,CHICHARON BULAKLAK,PLATTER,,BR-2c0670411104,,,139.6,349,Yes,,,Yes,0,0,0,,0,0,Active
1196,BD-d2cfa7ef9129,Crab & Crack,BU-fca786ffced3,ALL,APPETIZERS,FISH N CHIPS,FISH N CHIPS,PLATTER,,BR-2c0670411104,,,115.6,289,Yes,,,Yes,0,0,0,,0,0,Active
1197,BD-997881622693,Crab & Crack,BU-fca786ffced3,ALL,APPETIZERS,KILAWIN TUNA,KILAWIN TUNA,PLATTER,,BR-2c0670411104,,,139.6,349,Yes,,,Yes,0,0,0,,0,0,Active
1198,BD-bfd1ec2f5e57,Crab & Crack,BU-fca786ffced3,ALL,APPETIZERS,POTATO WEDGE,POTATO WEDGE,PLATTER,,BR-2c0670411104,,,99.6,249,Yes,,,Yes,0,0,0,,0,0,Active
1199,BD-cabf16991309,Crab & Crack,BU-fca786ffced3,ALL,APPETIZERS,BAKED MUSSELS,BAKED MUSSELS,PLATTER,,BR-2c0670411104,,,167.6,419,Yes,,,Yes,0,0,0,,0,0,Active
1200,BD-e995fb0cc890,Crab & Crack,BU-fca786ffced3,ALL,APPETIZERS,BAKED SCALLOPS,BAKED SCALLOPS,PLATTER,,BR-2c0670411104,,,139.6,349,Yes,,,Yes,0,0,0,,0,0,Active
1201,BD-4a6166392629,Crab & Crack,BU-fca786ffced3,ALL,MEATY ENTREE,BABY BACK RIBS,BABY BACK RIBS,PLATE,,BR-2c0670411104,,,331.6,829,Yes,,,Yes,0,0,0,,0,0,Active
1202,BD-153ed64f585f,Crab & Crack,BU-fca786ffced3,ALL,MEATY ENTREE,HALF FRIED CHICKEN,HALF FRIED CHICKEN,PLATE,,BR-2c0670411104,,,171.6,429,Yes,,,Yes,0,0,0,,0,0,Active
1203,BD-5291f49ff457,Crab & Crack,BU-fca786ffced3,ALL,MEATY ENTREE,WHOLE FRIED CHICKEN,WHOLE FRIED CHICKEN,PLATE,,BR-2c0670411104,,,299.6,749,Yes,,,Yes,0,0,0,,0,0,Active
1204,BD-55f70dfc41c7,Crab & Crack,BU-fca786ffced3,ALL,MEATY ENTREE,CRISPY PATA,CRISPY PATA,PLATE,,BR-2c0670411104,,,439.6,1099,Yes,,,Yes,0,0,0,,0,0,Active
1205,BD-03ce9af0fae9,Crab & Crack,BU-fca786ffced3,ALL,MEATY ENTREE,LECHON KAWALI,LECHON KAWALI,PLATE,,BR-2c0670411104,,,171.6,429,Yes,,,Yes,0,0,0,,0,0,Active
1206,BD-3e7d05a9fd29,Crab & Crack,BU-fca786ffced3,ALL,MEATY ENTREE,LECHON KAWALI KARE-KARE,LECHON KAWALI KARE-KARE,PLATTER,,BR-2c0670411104,,,239.6,599,Yes,,,Yes,0,0,0,,0,0,Active
1207,BD-dfc1aebdd799,Crab & Crack,BU-fca786ffced3,ALL,MEATY ENTREE,SISIG DE KAPAMPANGAN,SISIG DE KAPAMPANGAN,PLATTER,,BR-2c0670411104,,,151.6,379,Yes,,,Yes,0,0,0,,0,0,Active
1208,BD-0968845d2fd8,Crab & Crack,BU-fca786ffced3,ALL,MEATY ENTREE,CHICKEN WINGS PLAIN,CHICKEN WINGS PLAIN,PLATTER,,BR-2c0670411104,,,131.6,329,Yes,,,Yes,0,0,0,,0,0,Active
1209,BD-bd4e74549255,Crab & Crack,BU-fca786ffced3,ALL,MEATY ENTREE,CHICKEN WINGS BUFFALO,CHICKEN WINGS BUFFALO,PLATTER,,BR-2c0670411104,,,131.6,329,Yes,,,Yes,0,0,0,,0,0,Active
1210,BD-76d8ff5070ac,Crab & Crack,BU-fca786ffced3,ALL,MEATY ENTREE,CHICKEN WINGS SOY GARLIC,CHICKEN WINGS SOY GARLIC,PLATTER,,BR-2c0670411104,,,131.6,329,Yes,,,Yes,0,0,0,,0,0,Active
1211,BD-d79ef741ca3b,Crab & Crack,BU-fca786ffced3,ALL,MEATY ENTREE,CHICKEN WINGS HONEY MUSTARD,CHICKEN WINGS HONEY MUSTARD,PLATTER,,BR-2c0670411104,,,131.6,329,Yes,,,Yes,0,0,0,,0,0,Active
1212,BD-a595c4e84a5f,Crab & Crack,BU-fca786ffced3,ALL,MEATY ENTREE,CHICKEN WINGS PARMESAN,CHICKEN WINGS PARMESAN,PLATTER,,BR-2c0670411104,,,131.6,329,Yes,,,Yes,0,0,0,,0,0,Active
1213,BD-b2eca78426fb,Crab & Crack,BU-fca786ffced3,ALL,SOUP SPECIAL,BULALO,BULALO,BOWL,,BR-2c0670411104,,,279.6,699,Yes,,,Yes,0,0,0,,0,0,Active
1214,BD-42cace58b81d,Crab & Crack,BU-fca786ffced3,ALL,SOUP SPECIAL,CNC SOUP,CNC SOUP,BOWL,,BR-2c0670411104,,,131.6,329,Yes,,,Yes,0,0,0,,0,0,Active
1215,BD-8a4cc989a5fc,Crab & Crack,BU-fca786ffced3,ALL,SOUP SPECIAL,PORK TAMARIND,PORK TAMARIND,BOWL,,BR-2c0670411104,,,239.6,599,Yes,,,Yes,0,0,0,,0,0,Active
1216,BD-b5cd6e36206e,Crab & Crack,BU-fca786ffced3,ALL,SOUP SPECIAL,SALMON MISO,SALMON MISO,BOWL,,BR-2c0670411104,,,199.6,499,Yes,,,Yes,0,0,0,,0,0,Active
1217,BD-fa3398bd7c67,Crab & Crack,BU-fca786ffced3,ALL,SOUP SPECIAL,SINIGANG HIPON,SINIGANG HIPON,BOWL,,BR-2c0670411104,,,219.6,549,Yes,,,Yes,0,0,0,,0,0,Active
1218,BD-99fa8d87dacd,Crab & Crack,BU-fca786ffced3,ALL,PASTA N SALAD,AGLIO OLIO,AGLIO OLIO,PLATE,,BR-2c0670411104,,,147.6,369,Yes,,,Yes,0,0,0,,0,0,Active
1219,BD-66847c47c0b6,Crab & Crack,BU-fca786ffced3,ALL,PASTA N SALAD,ALIGUE PASTA,ALIGUE PASTA,PLATE,,BR-2c0670411104,,,167.6,419,Yes,,,Yes,0,0,0,,0,0,Active
1220,BD-e6d3ccc62f79,Crab & Crack,BU-fca786ffced3,ALL,PASTA N SALAD,CHICKEN CAESAR SALAD,CHICKEN CAESAR SALAD,PLATE,,BR-2c0670411104,,,107.6,269,Yes,,,Yes,0,0,0,,0,0,Active
1221,BD-90dd9572ad2d,Crab & Crack,BU-fca786ffced3,ALL,PASTA N SALAD,CNC SALAD,CNC SALAD,PLATE,,BR-2c0670411104,,,95.6,239,Yes,,,Yes,0,0,0,,0,0,Active
1222,BD-fbe2e99040a5,Crab & Crack,BU-fca786ffced3,ALL,PASTA N SALAD,KANGKONG ALAMANG,KANGKONG ALAMANG,PLATE,,BR-2c0670411104,,,55.6,139,Yes,,,Yes,0,0,0,,0,0,Active
1223,BD-55d2d663f4df,Crab & Crack,BU-fca786ffced3,ALL,PASTA N SALAD,SHRIMP SALAD,SHRIMP SALAD,PLATE,,BR-2c0670411104,,,119.6,299,Yes,,,Yes,0,0,0,,0,0,Active
1224,BD-724d712e2136,Crab & Crack,BU-fca786ffced3,ALL,SPECIAL PALUTO,STUFFED SQUID,STUFFED SQUID,PLATE,,BR-2c0670411104,,,159.6,399,Yes,,,Yes,0,0,0,,0,0,Active
1225,BD-3aafd303bb44,Crab & Crack,BU-fca786ffced3,ALL,SPECIAL PALUTO,PAMPANO MISO,PAMPANO MISO,GRAMS,,BR-2c0670411104,,,319.6,799,Yes,,,Yes,0,0,0,,0,0,Active
1226,BD-e891bb97824d,Crab & Crack,BU-fca786ffced3,ALL,SPECIAL PALUTO,PAMPANO FRIED,PAMPANO FRIED,GRAMS,,BR-2c0670411104,,,319.6,799,Yes,,,Yes,0,0,0,,0,0,Active
1227,BD-d03c6134bf27,Crab & Crack,BU-fca786ffced3,ALL,SPECIAL PALUTO,PAMPANO STEAMED,PAMPANO STEAMED,GRAMS,,BR-2c0670411104,,,319.6,799,Yes,,,Yes,0,0,0,,0,0,Active
1228,BD-8639050c97e8,Crab & Crack,BU-fca786ffced3,ALL,SPECIAL PALUTO,PAMPANO SWEET N SOUR,PAMPANO SWEET N SOUR,GRAMS,,BR-2c0670411104,,,319.6,799,Yes,,,Yes,0,0,0,,0,0,Active
1229,BD-8d3d9ec9e3c1,Crab & Crack,BU-fca786ffced3,ALL,SPECIAL PALUTO,PAMPANO GRILLED,PAMPANO GRILLED,GRAMS,,BR-2c0670411104,,,319.6,799,Yes,,,Yes,0,0,0,,0,0,Active
1230,BD-2d1483370e81,Crab & Crack,BU-fca786ffced3,ALL,SPECIAL PALUTO,TUNA GRILLED,TUNA GRILLED,GRAMS,,BR-2c0670411104,,,359.6,899,Yes,,,Yes,0,0,0,,0,0,Active
1231,BD-da09d376a55f,Crab & Crack,BU-fca786ffced3,ALL,SPECIAL PALUTO,TUNA FRIED,TUNA FRIED,GRAMS,,BR-2c0670411104,,,359.6,899,Yes,,,Yes,0,0,0,,0,0,Active
1232,BD-8ca4d6d71e29,Crab & Crack,BU-fca786ffced3,ALL,SPECIAL PALUTO,TUNA MISO,TUNA MISO,GRAMS,,BR-2c0670411104,,,359.6,899,Yes,,,Yes,0,0,0,,0,0,Active
1233,BD-6f8fb338c949,Crab & Crack,BU-fca786ffced3,ALL,SPECIAL PALUTO,SEAFOOD KARE-KARE,SEAFOOD KARE-KARE,BOWL,,BR-2c0670411104,,,239.6,599,Yes,,,Yes,0,0,0,,0,0,Active
1234,BD-96f4f193d9a2,Crab & Crack,BU-fca786ffced3,ALL,PROMOS,ALL IN 1,ALL IN 1,BUNDLE,,BR-2c0670411104,,,679.6,1699,Yes,,,No,0,0,0,,0,0,Active
1235,BD-f86f33467d4d,Crab & Crack,BU-fca786ffced3,ALL,PROMOS,ALL IN BUNDLE 2 CB,ALL IN BUNDLE 2 CB,BUNDLE,,BR-2c0670411104,,,879.6,2199,Yes,,,No,0,0,0,,0,0,Active
1236,BD-4c125dc06e24,Crab & Crack,BU-fca786ffced3,ALL,PROMOS,ALL IN BUNDLE 2 CAL,ALL IN BUNDLE 2 CAL,BUNDLE,,BR-2c0670411104,,,879.6,2199,Yes,,,No,0,0,0,,0,0,Active
1237,BD-9cd61f89ed02,Crab & Crack,BU-fca786ffced3,ALL,PROMOS,ALL IN BUNDLE 2 FNC,ALL IN BUNDLE 2 FNC,BUNDLE,,BR-2c0670411104,,,879.6,2199,Yes,,,No,0,0,0,,0,0,Active
1238,BD-d7fe51aa3de0,Crab & Crack,BU-fca786ffced3,ALL,PROMOS,ALL IN BUNDLE 3,ALL IN BUNDLE 3,BUNDLE,,BR-2c0670411104,,,879.6,2199,Yes,,,No,0,0,0,,0,0,Active
1239,BD-0be0c81bc527,Crab & Crack,BU-fca786ffced3,ALL,PROMOS,ALL IN BUNDLE 4,ALL IN BUNDLE 4,BUNDLE,,BR-2c0670411104,,,1199.6,2999,Yes,,,No,0,0,0,,0,0,Active
1240,BD-2e6667b8f5c5,Crab & Crack,BU-fca786ffced3,ALL,PROMOS,SUPER DEAL,SUPER DEAL,PACKAGE,,BR-2c0670411104,,,2999.6,7499,Yes,,,No,0,0,0,,0,0,Active
1241,BD-e170b573854a,Crab & Crack,BU-fca786ffced3,ALL,PROMOS,BDAY,BDAY,PACKAGE,,BR-2c0670411104,,,679.6,1699,Yes,,,No,0,0,0,,0,0,Active
1242,BD-7cf297646b05,Crab & Crack,BU-fca786ffced3,ALL,PROMOS,BARKADA MEAL,BARKADA MEAL,PACKAGE,,BR-2c0670411104,,,2199.6,5499,Yes,,,No,0,0,0,,0,0,Active
1243,BD-beded204b0d5,Crab & Crack,BU-fca786ffced3,ALL,PROMOS,STS COMBO,STS COMBO,PACKAGE,,BR-2c0670411104,,,1079.6,2699,Yes,,,No,0,0,0,,0,0,Active
1244,BD-d731d01750c0,Crab & Crack,BU-fca786ffced3,ALL,PROMOS,EARLY BIGTIME,EARLY BIGTIME,PACKAGE,,BR-2c0670411104,,,1399.6,3499,Yes,,,No,0,0,0,,0,0,Active
1245,BD-728f1576dd35,Crab & Crack,BU-fca786ffced3,ALL,RICE,PLAIN RICE,PLAIN RICE,CUP,,BR-2c0670411104,,,22,55,Yes,,,Yes,0,0,0,,0,0,Active
1246,BD-cc8bfd7e6039,Crab & Crack,BU-fca786ffced3,ALL,RICE,ALI RICE (M),ALI RICE (M),PLATTER,,BR-2c0670411104,,,143.6,359,Yes,,,Yes,0,0,0,,0,0,Active
1247,BD-5376af5835bf,Crab & Crack,BU-fca786ffced3,ALL,RICE,ALI RICE (L),ALI RICE (L),PLATTER,,BR-2c0670411104,,,191.6,479,Yes,,,Yes,0,0,0,,0,0,Active
1248,BD-397f3f008534,Crab & Crack,BU-fca786ffced3,ALL,RICE,SYC (M),SYC (M),PLATTER,,BR-2c0670411104,,,147.6,369,Yes,,,Yes,0,0,0,,0,0,Active
1249,BD-5d1058035cea,Crab & Crack,BU-fca786ffced3,ALL,RICE,SYC (L),SYC (L),PLATTER,,BR-2c0670411104,,,199.6,499,Yes,,,Yes,0,0,0,,0,0,Active
1250,BD-acb674481ccb,Crab & Crack,BU-fca786ffced3,ALL,RICE,GARLIC RICE (M),GARLIC RICE (M),PLATTER,,BR-2c0670411104,,,131.6,329,Yes,,,Yes,0,0,0,,0,0,Active
1251,BD-f23fb09f1db6,Crab & Crack,BU-fca786ffced3,ALL,RICE,GARLIC RICE (L),GARLIC RICE (L),PLATTER,,BR-2c0670411104,,,171.6,429,Yes,,,Yes,0,0,0,,0,0,Active
1252,BD-c49b44e39bd0,Crab & Crack,BU-fca786ffced3,ALL,RICE,UP ALI RICE (M),UP ALI RICE (M),PLATTER,,BR-2c0670411104,,,80,200,Yes,,,Yes,0,0,0,,0,0,Active
1253,BD-672368f16b2b,Crab & Crack,BU-fca786ffced3,ALL,RICE,UP ALI RICE (L),UP ALI RICE (L),PLATTER,,BR-2c0670411104,,,100,250,Yes,,,Yes,0,0,0,,0,0,Active
1254,BD-eaa83112fc7d,Crab & Crack,BU-fca786ffced3,ALL,RICE,UP SYC (M),UP SYC (M),PLATTER,,BR-2c0670411104,,,80,200,Yes,,,Yes,0,0,0,,0,0,Active
1255,BD-59a2ab71f5ec,Crab & Crack,BU-fca786ffced3,ALL,RICE,UP SYC (L),UP SYC (L),PLATTER,,BR-2c0670411104,,,100,250,Yes,,,Yes,0,0,0,,0,0,Active
1256,BD-2eead48963ba,Crab & Crack,BU-fca786ffced3,ALL,RICE,UP GARLIC (M),UP GARLIC (M),PLATTER,,BR-2c0670411104,,,80,200,Yes,,,Yes,0,0,0,,0,0,Active
1257,BD-69a60c3a792f,Crab & Crack,BU-fca786ffced3,ALL,RICE,UP GARLIC (L),UP GARLIC (L),PLATTER,,BR-2c0670411104,,,100,250,Yes,,,Yes,0,0,0,,0,0,Active
1258,BD-c4af928c9a1f,Crab & Crack,BU-fca786ffced3,ALL,HOMEMADE,CRAB PASTE,CRAB PASTE,BOTTLE,,BR-2c0670411104,,,180,450,Yes,,,Yes,0,0,0,,0,0,Active
1259,BD-25f32a9f93b0,Crab & Crack,BU-fca786ffced3,ALL,HOMEMADE,LECHE FLAN,LECHE FLAN,PLATE,,BR-2c0670411104,,,72,180,Yes,,,Yes,0,0,0,,0,0,Active
1260,BD-ac0b5044d59b,Crab & Crack,BU-fca786ffced3,ALL,HOMEMADE,VINEGAR 250 ML,VINEGAR 250 ML,BOTTLE,,BR-2c0670411104,,,44,110,Yes,,,Yes,0,0,0,,0,0,Active
1261,BD-b15783572d8b,Crab & Crack,BU-fca786ffced3,ALL,HOMEMADE,VINEGAR 500 ML,VINEGAR 500 ML,BOTTLE,,BR-2c0670411104,,,64,160,Yes,,,Yes,0,0,0,,0,0,Active
1262,BD-fb2d42b2719b,Crab & Crack,BU-fca786ffced3,ALL,BEVERAGES,ICE TEA GLASS,ICE TEA GLASS,GLASS,,BR-2c0670411104,,,28,70,Yes,,,Yes,0,0,0,,0,0,Active
1263,BD-fb2d42b27191,Crab & Crack,BU-fca786ffced3,ALL,BEVERAGES,ICED TEA PITCHER,ICED TEA PITCHER,PITCHER,,BR-2c0670411104,,,79.6,199,Yes,,,Yes,0,0,0,,0,0,Active
1264,BD-fb2d42b27192,Crab & Crack,BU-fca786ffced3,ALL,BEVERAGES,1.5 L COKE REG,1.5 L COKE REG,BOTTLE,,BR-2c0670411104,,,79.6,199,Yes,,,Yes,0,0,0,,0,0,Active
1265,BD-fb2d42b27193,Crab & Crack,BU-fca786ffced3,ALL,BEVERAGES,1.5 L COKE ZERO,1.5 L COKE ZERO,BOTTLE,,BR-2c0670411104,,,79.6,199,Yes,,,Yes,0,0,0,,0,0,Active
1266,BD-fb2d42b27194,Crab & Crack,BU-fca786ffced3,ALL,BEVERAGES,1.5 L SPRITE,1.5 L SPRITE,BOTTLE,,BR-2c0670411104,,,79.6,199,Yes,,,Yes,0,0,0,,0,0,Active
1267,BD-fb2d42b27195,Crab & Crack,BU-fca786ffced3,ALL,BEVERAGES,1.5 L ROYAL,1.5 L ROYAL,BOTTLE,,BR-2c0670411104,,,79.6,199,Yes,,,Yes,0,0,0,,0,0,Active
1268,BD-fb2d42b27196,Crab & Crack,BU-fca786ffced3,ALL,BEVERAGES,CAN ROYAL,CAN ROYAL,CAN,,BR-2c0670411104,,,34,85,Yes,,,Yes,0,0,0,,0,0,Active
1269,BD-fb2d42b27197,Crab & Crack,BU-fca786ffced3,ALL,BEVERAGES,CAN COKE REG.,CAN COKE REG.,CAN,,BR-2c0670411104,,,34,85,Yes,,,Yes,0,0,0,,0,0,Active
1270,BD-fb2d42b27198,Crab & Crack,BU-fca786ffced3,ALL,BEVERAGES,CAN COKE ZERO,CAN COKE ZERO,CAN,,BR-2c0670411104,,,34,85,Yes,,,Yes,0,0,0,,0,0,Active
1271,BD-fb2d42b27199,Crab & Crack,BU-fca786ffced3,ALL,BEVERAGES,CAN SPRITE,CAN SPRITE,CAN,,BR-2c0670411104,,,34,85,Yes,,,Yes,0,0,0,,0,0,Active
1272,BD-fb2d42b27200,Crab & Crack,BU-fca786ffced3,ALL,BEVERAGES,UP 1.5 SPRITE,UP 1.5 SPRITE,BOTTLE,,BR-2c0670411104,,,28,70,Yes,,,No,0,0,0,,0,0,Active
1273,BD-fb2d42b27201,Crab & Crack,BU-fca786ffced3,ALL,BEVERAGES,UP 1.5 COKE REG,UP 1.5 COKE REG,BOTTLE,,BR-2c0670411104,,,28,70,Yes,,,No,0,0,0,,0,0,Active
1274,BD-fb2d42b27202,Crab & Crack,BU-fca786ffced3,ALL,BEVERAGES,UP 1.5 COKE ZERO,UP 1.5 COKE ZERO,BOTTLE,,BR-2c0670411104,,,28,70,Yes,,,No,0,0,0,,0,0,Active
1275,BD-fb2d42b27203,Crab & Crack,BU-fca786ffced3,ALL,BEVERAGES,BOTTLED WATER,BOTTLED WATER,BOTTLE,,BR-2c0670411104,,,24,60,Yes,,,Yes,0,0,0,,0,0,Active
1276,BD-fb2d42b27204,Crab & Crack,BU-fca786ffced3,ALL,BEVERAGES,PINEAPPLE JUICE,PINEAPPLE JUICE,CAN,,BR-2c0670411104,,,39.6,99,Yes,,,Yes,0,0,0,,0,0,Active
1277,BD-fb2d42b27205,Crab & Crack,BU-fca786ffced3,ALL,BEVERAGES,SAN MIG LIGHT,SAN MIG LIGHT,BOTTLE,,BR-2c0670411104,,,39.6,99,Yes,,,No,0,0,0,,0,0,Active
1278,BD-fb2d42b27206,Crab & Crack,BU-fca786ffced3,ALL,BEVERAGES,PALE PILSEN,PALE PILSEN,BOTTLE,,BR-2c0670411104,,,39.6,99,Yes,,,No,0,0,0,,0,0,Active
1279,BD-fb2d42b27207,Crab & Crack,BU-fca786ffced3,ALL,BEVERAGES,RED HORSE,RED HORSE,BOTTLE,,BR-2c0670411104,,,39.6,99,Yes,,,No,0,0,0,,0,0,Active
1280,BD-fb2d42b27208,Crab & Crack,BU-fca786ffced3,ALL,BEVERAGES,BUCKET OF 6 (SML),BUCKET OF 6 (SML),BUCKET,,BR-2c0670411104,,,220,550,Yes,,,No,0,0,0,,0,0,Active
1281,BD-fb2d42b27209,Crab & Crack,BU-fca786ffced3,ALL,BEVERAGES,BUCKET OF 6 (PILSEN),BUCKET OF 6 (PILSEN),BUCKET,,BR-2c0670411104,,,220,550,Yes,,,No,0,0,0,,0,0,Active
1282,BD-fb2d42b27210,Crab & Crack,BU-fca786ffced3,ALL,BEVERAGES,BUCKET OF 6 (RH),BUCKET OF 6 (RH),BUCKET,,BR-2c0670411104,,,220,550,Yes,,,No,0,0,0,,0,0,Active
1283,BD-fb2d42b27211,Crab & Crack,BU-fca786ffced3,ALL,BEVERAGES,HONEY CALAMANSI,HONEY CALAMANSI,GLASS,,BR-2c0670411104,,,34,85,Yes,,,Yes,0,0,0,,0,0,Active
1284,BD-fb2d42b27212,Crab & Crack,BU-fca786ffced3,ALL,BEVERAGES,HOT CALAMANSI,HOT CALAMANSI,GLASS,,BR-2c0670411104,,,32,80,Yes,,,Yes,0,0,0,,0,0,Active
1285,BD-fb2d42b27213,Crab & Crack,BU-fca786ffced3,ALL,BEVERAGES,JD,JD,GLASS,,BR-2c0670411104,,,51.6,129,Yes,,,No,0,0,0,,0,0,Active
1286,BD-fb2d42b27214,Crab & Crack,BU-fca786ffced3,ALL,BEVERAGES,CUCUMBER PITCHER,CUCUMBER PITCHER,PITCHER,,BR-2c0670411104,,,87.6,219,Yes,,,Yes,0,0,0,,0,0,Active
1287,BD-fb2d42b27215,Crab & Crack,BU-fca786ffced3,ALL,BEVERAGES,UP CUCUMBER,UP CUCUMBER,GLASS,,BR-2c0670411104,,,8,20,Yes,,,No,0,0,0,,0,0,Active
1288,BD-fb2d42b27216,Crab & Crack,BU-fca786ffced3,ALL,BEVERAGES,FRESH BUKO,FRESH BUKO,GLASS,,BR-2c0670411104,,,59.6,149,Yes,,,Yes,0,0,0,,0,0,Active
1289,BD-fb2d42b27217,Crab & Crack,BU-fca786ffced3,ALL,BEVERAGES,STRAWBERRY LEMONADE,STRAWBERRY LEMONADE,GLASS,,BR-2c0670411104,,,59.6,149,Yes,,,Yes,0,0,0,,0,0,Active
1290,BD-fb2d42b27218,Crab & Crack,BU-fca786ffced3,ALL,BEVERAGES,LEMON MINT,LEMON MINT,GLASS,,BR-2c0670411104,,,55.6,139,Yes,,,Yes,0,0,0,,0,0,Active
1291,BD-fb2d42b27219,Crab & Crack,BU-fca786ffced3,ALL,BEVERAGES,BLACK COFFEE,BLACK COFFEE,GLASS,,BR-2c0670411104,,,36,90,Yes,,,Yes,0,0,0,,0,0,Active
1292,BD-76a54c9e91be,Crab & Crack,BU-fca786ffced3,ALL,ADD ON,ADD'L CORN,ADD'L CORN,PC,,BR-2c0670411104,,,16,40,Yes,,,Yes,0,0,0,,0,0,Active
1293,BD-39a4ea5f84b1,Crab & Crack,BU-fca786ffced3,ALL,OTHERS,TAKE OUT BOX (L),TAKE OUT BOX (L),PC,,BR-2c0670411104,,,20,50,Yes,,,No,0,0,0,,0,0,Active
1294,BD-e058c2462cb6,Crab & Crack,BU-fca786ffced3,ALL,OTHERS,TAKE OUT (M),TAKE OUT (M),PC,,BR-2c0670411104,,,16,40,Yes,,,No,0,0,0,,0,0,Active
1295,BD-7ac10984f0e4,Crab & Crack,BU-fca786ffced3,ALL,OTHERS,TAKE OUT (S),TAKE OUT (S),PC,,BR-2c0670411104,,,12,30,Yes,,,No,0,0,0,,0,0,Active
1296,BD-628697dde3ef,Crab & Crack,BU-fca786ffced3,ALL,HOMEMADE,SPECIAL BAGOONG,SPECIAL BAGOONG,BOTTLE,,BR-2c0670411104,,,88,220,Yes,,,Yes,0,0,0,,0,0,Active
1297,BD-dfaa9d85273a,Crab & Crack,BU-fca786ffced3,PRODUCT,OTHERS,FREE LECHE FLAN (BDAY),,PLATE,,,,,0,0,No,,,No,0,0,0,,0,0,Active
1298,BD-b1d630e9d571,Crab & Crack,BU-fca786ffced3,ALL,PROMOS,SM-COUPLE,SM-COUPLE,PACKAGE,,BR-2c0670411104,,,599.6,1499,Yes,,,No,0,0,0,,0,0,Active
1299,BD-eb2a6f8b1019,Crab & Crack,BU-fca786ffced3,ALL,PROMOS,SM-FAMILY,SM-FAMILY,PACKAGE,,BR-2c0670411104,,,999.6,2499,Yes,,,No,0,0,0,,0,0,Active
1300,BD-54b68e117664,Crab & Crack,BU-fca786ffced3,ALL,PROMOS,SM-TROPA,SM-TROPA,PACKAGE,,BR-2c0670411104,,,1919.6,4799,Yes,,,No,0,0,0,,0,0,Active
1301,BD-c147b1402065,Crab & Crack,BU-fca786ffced3,ALL,PROMOS,ALL IN BUNDLE 3 BUFFALO,ALL IN BUNDLE 3 BUFFALO,BUNDLE,,BR-2c0670411104,,,879.6,2199,Yes,,,No,0,0,0,,0,0,Active
1302,BD-d04b8b74c06e,Crab & Crack,BU-fca786ffced3,ALL,PROMOS,ALL IN BUNDLE 3 HONEY MUSTARD,ALL IN BUNDLE 3 HONEY MUSTARD,BUNDLE,,BR-2c0670411104,,,879.6,2199,Yes,,,No,0,0,0,,0,0,Active
1303,BD-178f8e3dd498,Crab & Crack,BU-fca786ffced3,ALL,PROMOS,ALL IN BUNDLE 3 PARMESAN,ALL IN BUNDLE 3 PARMESAN,BUNDLE,,BR-2c0670411104,,,879.6,2199,Yes,,,No,0,0,0,,0,0,Active
1304,BD-ed09ded45673,Crab & Crack,BU-fca786ffced3,ALL,PROMOS,ALL IN BUNDLE 3 PLAIN,ALL IN BUNDLE 3 PLAIN,BUNDLE,,BR-2c0670411104,,,879.6,2199,Yes,,,No,0,0,0,,0,0,Active
1305,BD-b333b273557c,Crab & Crack,BU-fca786ffced3,ALL,PROMOS,ALL IN BUNDLE 3 SOY GARLIC,ALL IN BUNDLE 3 SOY GARLIC,BUNDLE,,BR-2c0670411104,,,879.6,2199,Yes,,,No,0,0,0,,0,0,Active
1306,BD-57987c464618,Crab & Crack,BU-fca786ffced3,ALL,ADD ON,PISO PROMO (1KG SCALLOPS PLATTER),PISO PROMO (1KG SCALLOPS PLATTER),PLATTER,,BR-2c0670411104,,,0.4,1,Yes,,,No,0,0,0,,0,0,Active
1307,BD-b0b6d7e5ee25,Crab & Crack,BU-fca786ffced3,ALL,PROMOS,ESD-BUNDLE A,ESD-BUNDLE A,BUNDLE,,BR-2c0670411104,,,759.6,1899,Yes,,,No,0,0,0,,0,0,Active
1308,BD-5edf4d0789b2,Crab & Crack,BU-fca786ffced3,ALL,PROMOS,ESD-BUNDLE B,ESD-BUNDLE B,BUNDLE,,BR-2c0670411104,,,1159.6,2899,Yes,,,No,0,0,0,,0,0,Active
1309,BD-2d1f84a55569,Crab & Crack,BU-fca786ffced3,PRODUCT,SPECIAL PALUTO,PAMPANO FRIED,,PLATTER,,,,,0,799,Yes,,,Yes,0,0,0,,0,0,Inactive
1310,BD-2d1f84a55568,Crab & Crack,BU-fca786ffced3,PRODUCT,SPECIAL PALUTO,PAMPANO MISO,,PLATTER,,,,,0,799,Yes,,,Yes,0,0,0,,0,0,Inactive
1311,BD-2d1f84a55570,Crab & Crack,BU-fca786ffced3,PRODUCT,SPECIAL PALUTO,PAMPANO STEAMED,,PLATTER,,,,,0,799,Yes,,,Yes,0,0,0,,0,0,Inactive
1312,BD-2d1f84a55571,Crab & Crack,BU-fca786ffced3,PRODUCT,SPECIAL PALUTO,PAMPANO SWEET N SOUR,,PLATTER,,,,,0,799,Yes,,,Yes,0,0,0,,0,0,Inactive
1313,BD-2d1f84a55572,Crab & Crack,BU-fca786ffced3,PRODUCT,SPECIAL PALUTO,PAMPANO GRILLED,,PLATTER,,,,,0,799,Yes,,,Yes,0,0,0,,0,0,Inactive
1314,BD-2d1f84a55573,Crab & Crack,BU-fca786ffced3,PRODUCT,SPECIAL PALUTO,TUNA GRILLED,,PLATTER,,,,,0,899,Yes,,,Yes,0,0,0,,0,0,Inactive
1315,BD-2d1f84a55574,Crab & Crack,BU-fca786ffced3,PRODUCT,SPECIAL PALUTO,TUNA FRIED,,PLATTER,,,,,0,899,Yes,,,Yes,0,0,0,,0,0,Inactive
1316,BD-2d1f84a55561,Crab & Crack,BU-fca786ffced3,PRODUCT,SPECIAL PALUTO,PAMPANO FRIED,,PLATTER,,,,,0,799,Yes,,,Yes,0,0,0,,0,0,Inactive
1317,BD-2d1f84a55560,Crab & Crack,BU-fca786ffced3,PRODUCT,SPECIAL PALUTO,PAMPANO MISO,,PLATTER,,,,,0,799,Yes,,,Yes,0,0,0,,0,0,Inactive
1318,BD-2d1f84a55562,Crab & Crack,BU-fca786ffced3,PRODUCT,SPECIAL PALUTO,PAMPANO STEAMED,,PLATTER,,,,,0,799,Yes,,,Yes,0,0,0,,0,0,Inactive
1319,BD-2d1f84a55563,Crab & Crack,BU-fca786ffced3,PRODUCT,SPECIAL PALUTO,PAMPANO SWEET N SOUR,,PLATTER,,,,,0,799,Yes,,,Yes,0,0,0,,0,0,Inactive
1320,BD-2d1f84a55564,Crab & Crack,BU-fca786ffced3,PRODUCT,SPECIAL PALUTO,PAMPANO GRILLED,,PLATTER,,,,,0,799,Yes,,,Yes,0,0,0,,0,0,Inactive
1321,BD-2d1f84a55565,Crab & Crack,BU-fca786ffced3,PRODUCT,SPECIAL PALUTO,TUNA GRILLED,,PLATTER,,,,,0,899,Yes,,,Yes,0,0,0,,0,0,Inactive
1322,BD-2d1f84a55566,Crab & Crack,BU-fca786ffced3,PRODUCT,SPECIAL PALUTO,TUNA FRIED,,PLATTER,,,,,0,899,Yes,,,Yes,0,0,0,,0,0,Inactive
1323,BD-2d1f84a55567,Crab & Crack,BU-fca786ffced3,PRODUCT,SPECIAL PALUTO,TUNA MISO,,PLATTER,,,,,0,899,Yes,,,Yes,0,0,0,,0,0,Inactive
1324,BD-2d1f84a55575,Crab & Crack,BU-fca786ffced3,PRODUCT,SPECIAL PALUTO,TUNA MISO,,PLATTER,,,,,0,899,Yes,,,Yes,0,0,0,,0,0,Inactive
1762,BD-d9d9843b84e1,Crab & Crack,BU-fca786ffced3,ALL,OTHERS,TAKE OUT BOTTLE,TAKE OUT BOTTLE,PC,,BR-2c0670411104,,,7.2,18,Yes,,,No,0,0,0,,0,0,Active
1763,BD-27e961713dcc,Crab & Crack,BU-fca786ffced3,STORE,PROMOS,LENTEN SALU-SALO A,LENTEN SALU-SALO A,PACKAGE,,BR-2c0670411104,,,1039.6,2599,Yes,,,No,0,0,0,,0,0,Active
1764,BD-6b9de16d207d,Crab & Crack,BU-fca786ffced3,STORE,PROMOS,LENTEN SALU-SALO B,LENTEN SALU-SALO B,PACKAGE,,BR-2c0670411104,,,1079.6,2699,Yes,,,No,0,0,0,,0,0,Active
1765,BD-61de3167ed9d,Crab & Crack,BU-fca786ffced3,ALL,ADD ON,GO PROMO,GO PROMO,PC,,BR-2c0670411104,,,0,1399,Yes,,,No,0,0,0,,0,0,Active
1766,BD-9e1c94a9a2d0,Crab & Crack,BU-fca786ffced3,STORE,BEVERAGES,COCO PANDAN,COCO PANDAN,PC,,BR-2c0670411104,,,99.6,249,Yes,,,Yes,0,0,0,,0,0,Active
1767,BD-83d7cc4207b8,Crab & Crack,BU-fca786ffced3,STORE,BEVERAGES,COCO STRAWBERRY,COCO STRAWBERRY,PC,,BR-2c0670411104,,,119.6,299,Yes,,,Yes,0,0,0,,0,0,Active
1768,BD-bba6c827a3ca,Crab & Crack,BU-fca786ffced3,STORE,BEVERAGES,COCO UBE,COCO UBE,PC,,BR-2c0670411104,,,119.6,299,Yes,,,Yes,0,0,0,,0,0,Active
1769,BD-e384022056a8,Crab & Crack,BU-fca786ffced3,STORE,BEVERAGES,COCO VANILLA,COCO VANILLA,PC,,BR-2c0670411104,,,119.6,299,Yes,,,Yes,0,0,0,,0,0,Active
1770,BD-524129b36e18,Crab & Crack,BU-fca786ffced3,STORE,ADD ON,SCOOP - PANDAN,SCOOP - PANDAN,PC,,BR-2c0670411104,,,20,50,Yes,,,Yes,0,0,0,,0,0,Active
1771,BD-b7621de1fa66,Crab & Crack,BU-fca786ffced3,STORE,ADD ON,SCOOP - STRAWBERRY,SCOOP - STRAWBERRY,PC,,BR-2c0670411104,,,20,50,Yes,,,Yes,0,0,0,,0,0,Active
1772,BD-af0abc32b52d,Crab & Crack,BU-fca786ffced3,STORE,ADD ON,SCOOP - UBE,SCOOP - UBE,PC,,BR-2c0670411104,,,20,50,Yes,,,Yes,0,0,0,,0,0,Active
1773,BD-b43f27a77f6b,Crab & Crack,BU-fca786ffced3,STORE,ADD ON,SCOOP - VANILLA,SCOOP - VANILLA,PC,,BR-2c0670411104,,,20,50,Yes,,,Yes,0,0,0,,0,0,Active
1774,BD-fd0ad73dbad3,Crab & Crack,BU-fca786ffced3,STORE,PROMOS,SUMMER SULIT A,SUMMER SULIT A,PACKAGE,,BR-2c0670411104,,,799.6,1999,Yes,,,No,0,0,0,,0,0,Active
1775,BD-d51ff1be927e,Crab & Crack,BU-fca786ffced3,STORE,PROMOS,SUMMER SULIT B,SUMMER SULIT B,PACKAGE,,BR-2c0670411104,,,959.6,2399,Yes,,,No,0,0,0,,0,0,Active
1776,BD-0b90a803bd8f,Crab & Crack,BU-fca786ffced3,STORE,PROMOS,SUMMER SULIT C,SUMMER SULIT C,PACKAGE,,BR-2c0670411104,,,1559.6,3899,Yes,,,No,0,0,0,,0,0,Active
1777,BD-4ee733cec828,Crab & Crack,BU-fca786ffced3,STORE,PROMOS,SUMMER SULIT D,SUMMER SULIT D,PACKAGE,,BR-2c0670411104,,,4799.6,11999,Yes,,,No,0,0,0,,0,0,Active
1778,BD-3df760561200,Crab & Crack,BU-fca786ffced3,STORE,PROMOS,MOM - A,MOM - A,PLATTER,,BR-2c0670411104,,,879.6,2199,Yes,,,No,0,0,0,,0,0,Active
1779,BD-86123055bafc,Crab & Crack,BU-fca786ffced3,STORE,PROMOS,MOM - B,MOM - B,PLATTER,,BR-2c0670411104,,,919.6,2299,Yes,,,No,0,0,0,,0,0,Active
1780,BD-34726e009fee,Crab & Crack,BU-fca786ffced3,STORE,PROMOS,MOM - C,MOM - C,PLATTER,,BR-2c0670411104,,,799.6,1999,Yes,,,No,0,0,0,,0,0,Active
1781,BD-68933935bfb3,Crab & Crack,BU-fca786ffced3,STORE,PROMOS,PREM OVERLOAD,PREM OVERLOAD,PLATTER,,BR-2c0670411104,,,1599.6,3999,Yes,,,No,0,0,0,,0,0,Active
1782,BD-55e0a2077502,Crab & Crack,BU-fca786ffced3,STORE,PROMOS,PREM SEAFOOD,PREM SEAFOOD,PLATTER,,BR-2c0670411104,,,1199.6,2999,Yes,,,No,0,0,0,,0,0,Active
1783,BD-743bad989848,Crab & Crack,BU-fca786ffced3,STORE,PROMOS,PREM SHRIMP,PREM SHRIMP,PLATTER,,BR-2c0670411104,,,1079.6,2699,Yes,,,No,0,0,0,,0,0,Active
1784,BD-8cd6d99f99aa,Crab & Crack,BU-fca786ffced3,STORE,PROMOS,KING SET A,KING SET A,PLATTER,,BR-2c0670411104,,,2039.6,5099,Yes,,,No,0,0,0,,0,0,Active
1785,BD-1db9745f03b9,Crab & Crack,BU-fca786ffced3,STORE,PROMOS,KING SET B,KING SET B,PLATTER,,BR-2c0670411104,,,2399.6,5999,Yes,,,No,0,0,0,,0,0,Active
1786,BD-61b7ba11f9af,Crab & Crack,BU-fca786ffced3,STORE,PROMOS,TP MIXED SEAFOOD OVERLOAD,TP MIXED SEAFOOD OVERLOAD,PLATTER,,BR-2c0670411104,,,1599.6,3999,Yes,,,No,0,0,0,,0,0,Active
1787,BD-b696219c78b9,Crab & Crack,BU-fca786ffced3,STORE,PROMOS,TP MIXED SEAFOODS PLATTER,TP MIXED SEAFOODS PLATTER,PLATTER,,BR-2c0670411104,,,1039.6,2599,Yes,,,No,0,0,0,,0,0,Active
1788,BD-5c9939e3dcf7,Crab & Crack,BU-fca786ffced3,STORE,PROMOS,TP MIXED SHRIMP,TP MIXED SHRIMP,PLATTER,,BR-2c0670411104,,,919.6,2299,Yes,,,No,0,0,0,,0,0,Active
