AutoNum,user_id,system_module,category,feature_description
543,406,Point of Sales,Main Window,Main Window
544,406,Point of Sales,Transactions,View
545,406,Point of Sales,Transactions,Add
546,406,Point of Sales,Transactions,Edit
547,406,Point of Sales,Transactions,Delete
1979,407,System Settings,Main Window,Main Window
1980,407,System Settings,My Account,Update Password
1981,407,System Settings,Preferences,Change Theme
1982,407,System Settings,User Accounts,View
1983,407,System Settings,User Accounts,Add
1984,407,System Settings,User Accounts,Edit
1985,407,System Settings,User Accounts,Delete
1986,407,System Settings,User Accounts,View Credentials
1987,407,System Settings,User Accounts,Assign Credentials
1988,407,System Settings,Supplier List,View
1989,407,System Settings,Projects,View
1990,407,System Settings,Cost Center,View
1991,407,System Settings,Account Class,View
1992,407,Inventory System,Main Window,Main Window
1993,407,Inventory System,Main Window,Main Window
1994,407,Inventory System,Product Masterlist,Add
1995,407,Inventory System,Product Masterlist,Edit
1996,407,Inventory System,Product Masterlist,View Details
1997,407,Inventory System,Product Masterlist,Delete
1998,407,Inventory System,Product Masterlist,Print
1999,407,Inventory System,Product Masterlist,Export
2000,407,Inventory System,Product Masterlist,Import
2001,407,Inventory System,Product Masterlist,Unit Price
2002,407,Inventory System,Product Masterlist,Selling Price
2003,407,Inventory System,Product Masterlist,Open Inventory
2004,407,Inventory System,Product Masterlist,Close Inventory
2005,407,Inventory System,Product Masterlist,View Item Transaction
2006,407,Inventory System,Inventory In,Add
2007,407,Inventory System,Inventory In,Edit
2008,407,Inventory System,Inventory In,Delete
2009,407,Inventory System,Inventory In,Print
2010,407,Inventory System,Inventory In,PO list
2011,407,Inventory System,Inventory In,PO Select
2012,407,Inventory System,Inventory Out,Add
2013,407,Inventory System,Inventory Out,Edit
2014,407,Inventory System,Inventory Out,Delete
2015,407,Inventory System,Inventory Out,Print
2016,407,Inventory System,Inventory Out,upload
2017,407,Inventory System,Inventory Out,Import
2018,407,Inventory System,Purchase Order,Add
2019,407,Inventory System,Purchase Order,Edit
2020,407,Inventory System,Purchase Order,Delete
2021,407,Inventory System,Purchase Order,Print
2022,407,Inventory System,Purchase Order,Upload
2023,407,Inventory System,Purchase Order,Import
2024,407,Inventory System,Purchase Order,PO Approved
2025,407,Inventory System,Purchase Order,PR List
2026,407,Inventory System,Purchase Order,PR Select
2027,407,Inventory System,Customer Purchase Order,Add
2028,407,Inventory System,Customer Purchase Order,Add New Customer
2029,407,Inventory System,Customer Purchase Order,Edit
2030,407,Inventory System,Customer Purchase Order,Delete
2031,407,Inventory System,Customer Purchase Order,Print
2032,407,Inventory System,Customer Purchase Order,Upload
2033,407,Inventory System,Customer Purchase Order,Import
2034,407,Inventory System,Preferences,Change Theme
2035,407,Inventory System,Purchase Request,Add
2036,407,Inventory System,Purchase Request,Edit
2037,407,Inventory System,Purchase Request,Delete
2038,407,Inventory System,Purchase Request,Print
2039,407,Inventory System,Purchase Request,Upload
2040,407,Inventory System,Purchase Request,Import
2041,407,Inventory System,Purchase Request,PR Approved
2042,407,Inventory System,Inventory Loss,Add
2043,407,Inventory System,Inventory Loss,Edit
2044,407,Inventory System,Inventory Loss,Delete
2045,407,Inventory System,Inventory Loss,Print
2046,407,Inventory System,Product Masterlist History,History
2047,407,Inventory System,Product Masterlist History,History Export
2048,407,Inventory System,Product Masterlist History,History Delete
2049,407,Point of Sales,Main Window,Main Window
2050,407,Point of Sales,Transactions,View
2051,407,Point of Sales,Transactions,Add
2052,407,Point of Sales,Transactions,Edit
2053,407,Point of Sales,Transactions,Delete
2140,408,Inventory System,Main Window,Main Window
2141,408,Inventory System,Main Window,Main Window
2142,408,Inventory System,Product Masterlist,Add
2143,408,Inventory System,Product Masterlist,Edit
2144,408,Inventory System,Product Masterlist,View Details
2145,408,Inventory System,Product Masterlist,Delete
2146,408,Inventory System,Product Masterlist,Print
2147,408,Inventory System,Product Masterlist,Export
2148,408,Inventory System,Product Masterlist,Import
2149,408,Inventory System,Product Masterlist,Unit Price
2150,408,Inventory System,Product Masterlist,Selling Price
2151,408,Inventory System,Product Masterlist,Open Inventory
2152,408,Inventory System,Product Masterlist,Close Inventory
2153,408,Inventory System,Product Masterlist,View Item Transaction
2154,408,Inventory System,Inventory In,Add
2155,408,Inventory System,Inventory In,Edit
2156,408,Inventory System,Inventory In,Delete
2157,408,Inventory System,Inventory In,Print
2158,408,Inventory System,Inventory In,PO list
2159,408,Inventory System,Inventory In,PO Select
2160,408,Inventory System,Inventory Out,Add
2161,408,Inventory System,Inventory Out,Edit
2162,408,Inventory System,Inventory Out,Delete
2163,408,Inventory System,Inventory Out,Print
2164,408,Inventory System,Inventory Out,upload
2165,408,Inventory System,Inventory Out,Import
2166,408,Inventory System,Purchase Order,Add
2167,408,Inventory System,Purchase Order,Edit
2168,408,Inventory System,Purchase Order,Delete
2169,408,Inventory System,Purchase Order,Print
2170,408,Inventory System,Purchase Order,Upload
2171,408,Inventory System,Purchase Order,Import
2172,408,Inventory System,Purchase Order,PO Approved
2173,408,Inventory System,Purchase Order,PR List
2174,408,Inventory System,Purchase Order,PR Select
2175,408,Inventory System,Customer Purchase Order,Add
2176,408,Inventory System,Customer Purchase Order,Add New Customer
2177,408,Inventory System,Customer Purchase Order,Edit
2178,408,Inventory System,Customer Purchase Order,Delete
2179,408,Inventory System,Customer Purchase Order,Print
2180,408,Inventory System,Customer Purchase Order,Upload
2181,408,Inventory System,Customer Purchase Order,Import
2182,408,Inventory System,Preferences,Change Theme
2183,408,Inventory System,Purchase Request,Add
2184,408,Inventory System,Purchase Request,Edit
2185,408,Inventory System,Purchase Request,Delete
2186,408,Inventory System,Purchase Request,Print
2187,408,Inventory System,Purchase Request,Upload
2188,408,Inventory System,Purchase Request,Import
2189,408,Inventory System,Purchase Request,PR Approved
2190,408,Inventory System,Inventory Loss,Add
2191,408,Inventory System,Inventory Loss,Edit
2192,408,Inventory System,Inventory Loss,Delete
2193,408,Inventory System,Inventory Loss,Print
2194,408,Inventory System,Product Masterlist History,History
2195,408,Inventory System,Product Masterlist History,History Export
2196,408,Inventory System,Product Masterlist History,History Delete
2197,408,Point of Sales,Main Window,Main Window
2198,408,Point of Sales,Transactions,View
2199,408,Point of Sales,Transactions,Add
2200,408,Point of Sales,Transactions,Edit
2201,408,Point of Sales,Transactions,Delete
4019,412,System Settings,Main Window,Main Window
4020,412,System Settings,My Account,Update Password
4021,412,System Settings,Preferences,Change Theme
4022,412,System Settings,User Accounts,View
4023,412,System Settings,User Accounts,Add
4024,412,System Settings,User Accounts,Edit
4025,412,System Settings,User Accounts,Delete
4026,412,System Settings,User Accounts,View Credentials
4027,412,System Settings,User Accounts,Assign Credentials
4028,412,System Settings,Chart of Accounts,View
4029,412,System Settings,Chart of Accounts,Add
4030,412,System Settings,Chart of Accounts,Edit
4031,412,System Settings,Chart of Accounts,Delete
4032,412,System Settings,Supplier List,View
4033,412,System Settings,Supplier List,Add
4034,412,System Settings,Supplier List,Edit
4035,412,System Settings,Supplier List,Delete
4036,412,System Settings,Projects,View
4037,412,System Settings,Projects,Add
4038,412,System Settings,Projects,Edit
4039,412,System Settings,Projects,Delete
4040,412,System Settings,Cost Center,View
4041,412,System Settings,Cost Center,Add
4042,412,System Settings,Cost Center,Edit
4043,412,System Settings,Cost Center,Delete
4044,412,System Settings,Account Class,View
4045,412,System Settings,Account Class,Add
4046,412,System Settings,Account Class,Edit
4047,412,System Settings,Account Class,Delete
4048,412,Accounting System,Main Window,Main Window
4049,412,Accounting System,Category A,Sub Window
4050,412,Accounting System,Category A,Sub Window 2
4051,412,Accounting System,Category A,Sub Window 3
4052,412,Accounting System,Category A,Sub WIndow 4
4053,412,Accounting System,Category C,Sample Feature
4054,412,Accounting System,Category B,Feature 01
4055,412,Accounting System,Category C,Feature 02
4056,412,Accounting System,Category D,Feature 03
4057,412,Vouchering System,Main Window,Main Window
4058,412,Vouchering System,Category A,Sub Window
4059,412,Vouchering System,Category A,New Feature
4060,412,Vouchering System,Category B,Feature 01
4061,412,Vouchering System,Category C,Feature 02
4062,412,Vouchering System,Category D,Feature 03
4063,412,Vouchering System,Category D,Feature 04
4064,412,Sales and Collection,Main Window,Main Window
4065,412,Sales and Collection,Category A,Sub Window
4066,412,Sales and Collection,Category B,Feature 01
4067,412,Sales and Collection,Category C,Feature 02
4068,412,Sales and Collection,Category D,Feature 03
4069,412,Billing and Collection,Main Window,Main Window
4070,412,Billing and Collection,Category A,Sub Window
4071,412,Billing and Collection,Category B,Feature 01
4072,412,Billing and Collection,Category C,Feature 02
4073,412,Billing and Collection,Category D,Feature 03
4074,412,Inventory System,Main Window,Main Window
4075,412,Inventory System,Main Window,Main Window
4076,412,Inventory System,Product Masterlist,Add
4077,412,Inventory System,Product Masterlist,Edit
4078,412,Inventory System,Product Masterlist,View Details
4079,412,Inventory System,Product Masterlist,Delete
4080,412,Inventory System,Product Masterlist,Print
4081,412,Inventory System,Product Masterlist,Export
4082,412,Inventory System,Product Masterlist,Import
4083,412,Inventory System,Product Masterlist,Unit Price
4084,412,Inventory System,Product Masterlist,Selling Price
4085,412,Inventory System,Product Masterlist,Open Inventory
4086,412,Inventory System,Product Masterlist,Close Inventory
4087,412,Inventory System,Product Masterlist,View Item Transaction
4088,412,Inventory System,Inventory In,Add
4089,412,Inventory System,Inventory In,Edit
4090,412,Inventory System,Inventory In,Delete
4091,412,Inventory System,Inventory In,Print
4092,412,Inventory System,Inventory Out,Add
4093,412,Inventory System,Inventory Out,Edit
4094,412,Inventory System,Inventory Out,Delete
4095,412,Inventory System,Inventory Out,Print
4096,412,Inventory System,Inventory Out,upload
4097,412,Inventory System,Inventory Out,Import
4098,412,Inventory System,Purchase Order,Add
4099,412,Inventory System,Purchase Order,Edit
4100,412,Inventory System,Purchase Order,Delete
4101,412,Inventory System,Purchase Order,Print
4102,412,Inventory System,Purchase Order,Upload
4103,412,Inventory System,Purchase Order,Import
4104,412,Inventory System,Purchase Order,PO Approved
4105,412,Inventory System,Purchase Order,PR List
4106,412,Inventory System,Purchase Order,PR Select
4107,412,Inventory System,Customer Purchase Order,Add
4108,412,Inventory System,Customer Purchase Order,Add New Customer
4109,412,Inventory System,Customer Purchase Order,Edit
4110,412,Inventory System,Customer Purchase Order,Delete
4111,412,Inventory System,Customer Purchase Order,Print
4112,412,Inventory System,Customer Purchase Order,Upload
4113,412,Inventory System,Customer Purchase Order,Import
4114,412,Inventory System,Preferences,Change Theme
4115,412,Inventory System,Purchase Request,Add
4116,412,Inventory System,Purchase Request,Edit
4117,412,Inventory System,Purchase Request,Delete
4118,412,Inventory System,Purchase Request,Print
4119,412,Inventory System,Purchase Request,Upload
4120,412,Inventory System,Purchase Request,Import
4121,412,Inventory System,Purchase Request,PR Approved
4122,412,Inventory System,Inventory Loss,Add
4123,412,Inventory System,Inventory Loss,Edit
4124,412,Inventory System,Inventory Loss,Delete
4125,412,Inventory System,Inventory Loss,Print
4126,412,Inventory System,Product Masterlist History,History
4127,412,Inventory System,Product Masterlist History,History Export
4128,412,Inventory System,Product Masterlist History,History Delete
4129,412,Payroll System,Main Window,Main Window
4130,412,Payroll System,Category A,Sub Window
4131,412,Payroll System,Category B,Feature 01
4132,412,Payroll System,Category C,Feature 02
4133,412,Payroll System,Category D,Feature 03
4134,412,Point of Sales,Main Window,Main Window
4135,412,Point of Sales,Transactions,View
4136,412,Point of Sales,Transactions,Add
4137,412,Point of Sales,Transactions,Edit
4139,412,Point of Sales,Transactions,Refund
4140,412,Point of Sales,Product List,Add
4141,412,Point of Sales,Product List,Edit
4142,412,Point of Sales,Product List,Delete
4143,412,Fixed Assets Management,Main Window,Main Window
4144,412,Fixed Assets Management,Category A,Sub Window
4145,412,Fixed Assets Management,Category B,Feature 01
4146,412,Fixed Assets Management,Category C,Feature 02
4147,412,Fixed Assets Management,Category D,Feature 03
4546,402,System Settings,Main Window,Main Window
4547,402,System Settings,My Account,Update Password
4548,402,System Settings,Preferences,Change Theme
4549,402,System Settings,User Accounts,View
4550,402,System Settings,User Accounts,Add
4551,402,System Settings,User Accounts,Edit
4552,402,System Settings,User Accounts,Delete
4553,402,System Settings,User Accounts,View Credentials
4554,402,System Settings,User Accounts,Assign Credentials
4555,402,System Settings,Chart of Accounts,View
4556,402,System Settings,Chart of Accounts,Add
4557,402,System Settings,Chart of Accounts,Edit
4558,402,System Settings,Chart of Accounts,Delete
4559,402,System Settings,Supplier List,View
4560,402,System Settings,Supplier List,Add
4561,402,System Settings,Supplier List,Edit
4562,402,System Settings,Supplier List,Delete
4563,402,System Settings,Projects,View
4564,402,System Settings,Projects,Add
4565,402,System Settings,Projects,Edit
4566,402,System Settings,Projects,Delete
4567,402,System Settings,Cost Center,View
4568,402,System Settings,Cost Center,Add
4569,402,System Settings,Cost Center,Edit
4570,402,System Settings,Cost Center,Delete
4571,402,System Settings,Account Class,View
4572,402,System Settings,Account Class,Add
4573,402,System Settings,Account Class,Edit
4574,402,System Settings,Account Class,Delete
4575,402,Accounting System,Main Window,Main Window
4576,402,Accounting System,Category A,Sub Window
4577,402,Accounting System,Category A,Sub Window 2
4578,402,Accounting System,Category A,Sub Window 3
4579,402,Accounting System,Category A,Sub WIndow 4
4580,402,Accounting System,Category C,Sample Feature
4581,402,Accounting System,Category B,Feature 01
4582,402,Accounting System,Category C,Feature 02
4583,402,Accounting System,Category D,Feature 03
4584,402,Vouchering System,Main Window,Main Window
4585,402,Vouchering System,Category A,Sub Window
4586,402,Vouchering System,Category A,New Feature
4587,402,Vouchering System,Category B,Feature 01
4588,402,Vouchering System,Category C,Feature 02
4589,402,Vouchering System,Category D,Feature 03
4590,402,Vouchering System,Category D,Feature 04
4591,402,Sales and Collection,Main Window,Main Window
4592,402,Sales and Collection,Category A,Sub Window
4593,402,Sales and Collection,Category B,Feature 01
4594,402,Sales and Collection,Category C,Feature 02
4595,402,Sales and Collection,Category D,Feature 03
4596,402,Billing and Collection,Main Window,Main Window
4597,402,Billing and Collection,Category A,Sub Window
4598,402,Billing and Collection,Category B,Feature 01
4599,402,Billing and Collection,Category C,Feature 02
4600,402,Billing and Collection,Category D,Feature 03
4601,402,Inventory System,Main Window,Main Window
4602,402,Inventory System,Main Window,Main Window
4603,402,Inventory System,Product Masterlist,Add
4604,402,Inventory System,Product Masterlist,Edit
4605,402,Inventory System,Product Masterlist,View Details
4606,402,Inventory System,Product Masterlist,Delete
4607,402,Inventory System,Product Masterlist,Print
4608,402,Inventory System,Product Masterlist,Export
4609,402,Inventory System,Product Masterlist,Import
4610,402,Inventory System,Product Masterlist,Unit Price
4611,402,Inventory System,Product Masterlist,Selling Price
4612,402,Inventory System,Product Masterlist,Open Inventory
4613,402,Inventory System,Product Masterlist,Close Inventory
4614,402,Inventory System,Product Masterlist,View Item Transaction
4615,402,Inventory System,Inventory In,Add
4616,402,Inventory System,Inventory In,Edit
4617,402,Inventory System,Inventory In,Delete
4618,402,Inventory System,Inventory In,Print
4619,402,Inventory System,Inventory Out,Add
4620,402,Inventory System,Inventory Out,Edit
4621,402,Inventory System,Inventory Out,Delete
4622,402,Inventory System,Inventory Out,Print
4623,402,Inventory System,Inventory Out,upload
4624,402,Inventory System,Inventory Out,Import
4625,402,Inventory System,Purchase Order,Add
4626,402,Inventory System,Purchase Order,Edit
4627,402,Inventory System,Purchase Order,Delete
4628,402,Inventory System,Purchase Order,Print
4629,402,Inventory System,Purchase Order,Upload
4630,402,Inventory System,Purchase Order,Import
4631,402,Inventory System,Purchase Order,PO Approved
4632,402,Inventory System,Purchase Order,PR List
4633,402,Inventory System,Purchase Order,PR Select
4634,402,Inventory System,Customer Purchase Order,Add
4635,402,Inventory System,Customer Purchase Order,Add New Customer
4636,402,Inventory System,Customer Purchase Order,Edit
4637,402,Inventory System,Customer Purchase Order,Delete
4638,402,Inventory System,Customer Purchase Order,Print
4639,402,Inventory System,Customer Purchase Order,Upload
4640,402,Inventory System,Customer Purchase Order,Import
4641,402,Inventory System,Preferences,Change Theme
4642,402,Inventory System,Purchase Request,Add
4643,402,Inventory System,Purchase Request,Edit
4644,402,Inventory System,Purchase Request,Delete
4645,402,Inventory System,Purchase Request,Print
4646,402,Inventory System,Purchase Request,Upload
4647,402,Inventory System,Purchase Request,Import
4648,402,Inventory System,Purchase Request,PR Approved
4649,402,Inventory System,Inventory Loss,Add
4650,402,Inventory System,Inventory Loss,Edit
4651,402,Inventory System,Inventory Loss,Delete
4652,402,Inventory System,Inventory Loss,Print
4653,402,Inventory System,Product Masterlist History,History
4654,402,Inventory System,Product Masterlist History,History Export
4655,402,Inventory System,Product Masterlist History,History Delete
4656,402,Payroll System,Main Window,Main Window
4657,402,Payroll System,Category A,Sub Window
4658,402,Payroll System,Category B,Feature 01
4659,402,Payroll System,Category C,Feature 02
4660,402,Payroll System,Category D,Feature 03
4661,402,Point of Sales,Main Window,Main Window
4662,402,Point of Sales,Transactions,View
4663,402,Point of Sales,Transactions,Add
4664,402,Point of Sales,Transactions,Edit
4665,402,Point of Sales,Transactions,Void
4666,402,Point of Sales,Transactions,Refund
4667,402,Point of Sales,Transactions,Open New Day
4668,402,Point of Sales,Transactions,Discounts
4669,402,Point of Sales,Product List,Add
4670,402,Point of Sales,Product List,Edit
4671,402,Point of Sales,Product List,Delete
4672,402,Point of Sales,Reports,Perform X-Reading
4673,402,Point of Sales,Reports,Perform Z-Reading
4674,402,Fixed Assets Management,Main Window,Main Window
4675,402,Fixed Assets Management,Category A,Sub Window
4676,402,Fixed Assets Management,Category B,Feature 01
4677,402,Fixed Assets Management,Category C,Feature 02
4678,402,Fixed Assets Management,Category D,Feature 03
5117,414,System Settings,Main Window,Main Window
5118,414,System Settings,My Account,Update Password
5119,414,System Settings,User Accounts,View
5120,414,System Settings,User Accounts,Add
5121,414,System Settings,User Accounts,Edit
5122,414,System Settings,User Accounts,Delete
5123,414,System Settings,User Accounts,Sample
5124,414,System Settings,User Accounts,View Credentials
5125,414,System Settings,User Accounts,Assign Credentials
5126,414,Accounting System,Main Window,Main Window
5127,414,Accounting System,Category A,Sub Window
5128,414,Accounting System,Category A,Sub Window 2
5129,414,Accounting System,Category A,Sub Window 3
5130,414,Accounting System,Category A,Sub WIndow 4
5131,414,Accounting System,Category C,Sample Feature
5132,414,Accounting System,Category B,Feature 01
5133,414,Accounting System,Category C,Feature 02
5134,414,Accounting System,Category D,Feature 03
5135,414,Vouchering System,Main Window,Main Window
5136,414,Vouchering System,Category A,Sub Window
5137,414,Vouchering System,Category A,New Feature
5138,414,Vouchering System,Category B,Feature 01
5139,414,Vouchering System,Category C,Feature 02
5140,414,Vouchering System,Category D,Feature 03
5141,414,Vouchering System,Category D,Feature 04
5142,414,Sales and Collection,Main Window,Main Window
5143,414,Sales and Collection,Category A,Sub Window
5144,414,Sales and Collection,Category B,Feature 01
5145,414,Sales and Collection,Category C,Feature 02
5146,414,Sales and Collection,Category D,Feature 03
5147,414,Billing and Collection,Main Window,Main Window
5148,414,Billing and Collection,Category A,Sub Window
5149,414,Billing and Collection,Category B,Feature 01
5150,414,Billing and Collection,Category C,Feature 02
5151,414,Billing and Collection,Category D,Feature 03
5152,414,Inventory System,Main Window,Main Window
5153,414,Inventory System,Main Window,Main Window
5154,414,Inventory System,Product Masterlist,Add
5155,414,Inventory System,Product Masterlist,Edit
5156,414,Inventory System,Product Masterlist,View Details
5157,414,Inventory System,Product Masterlist,Delete
5158,414,Inventory System,Product Masterlist,Print
5159,414,Inventory System,Product Masterlist,Export
5160,414,Inventory System,Product Masterlist,Import
5161,414,Inventory System,Product Masterlist,Unit Price
5162,414,Inventory System,Product Masterlist,Selling Price
5163,414,Inventory System,Product Masterlist,Open Inventory
5164,414,Inventory System,Product Masterlist,Close Inventory
5165,414,Inventory System,Product Masterlist,View Item Transaction
5166,414,Inventory System,Inventory In,Add
5167,414,Inventory System,Inventory In,Edit
5168,414,Inventory System,Inventory In,Delete
5169,414,Inventory System,Inventory In,Print
5170,414,Inventory System,Inventory Out,Add
5171,414,Inventory System,Inventory Out,Edit
5172,414,Inventory System,Inventory Out,Delete
5173,414,Inventory System,Inventory Out,Print
5174,414,Inventory System,Inventory Out,upload
5175,414,Inventory System,Inventory Out,Import
5176,414,Inventory System,Purchase Order,Add
5177,414,Inventory System,Purchase Order,Edit
5178,414,Inventory System,Purchase Order,Delete
5179,414,Inventory System,Purchase Order,Print
5180,414,Inventory System,Purchase Order,Upload
5181,414,Inventory System,Purchase Order,Import
5182,414,Inventory System,Purchase Order,PO Approved
5183,414,Inventory System,Purchase Order,PR List
5184,414,Inventory System,Purchase Order,PR Select
5185,414,Inventory System,Customer Purchase Order,Add
5186,414,Inventory System,Customer Purchase Order,Add New Customer
5187,414,Inventory System,Customer Purchase Order,Edit
5188,414,Inventory System,Customer Purchase Order,Delete
5189,414,Inventory System,Customer Purchase Order,Print
5190,414,Inventory System,Customer Purchase Order,Upload
5191,414,Inventory System,Customer Purchase Order,Import
5192,414,Inventory System,Preferences,Change Theme
5193,414,Inventory System,Purchase Request,Add
5194,414,Inventory System,Purchase Request,Edit
5195,414,Inventory System,Purchase Request,Delete
5196,414,Inventory System,Purchase Request,Print
5197,414,Inventory System,Purchase Request,Upload
5198,414,Inventory System,Purchase Request,Import
5199,414,Inventory System,Purchase Request,PR Approved
5200,414,Inventory System,Inventory Loss,Add
5201,414,Inventory System,Inventory Loss,Edit
5202,414,Inventory System,Inventory Loss,Delete
5203,414,Inventory System,Inventory Loss,Print
5204,414,Inventory System,Product Masterlist History,History
5205,414,Inventory System,Product Masterlist History,History Export
5206,414,Inventory System,Product Masterlist History,History Delete
5207,414,Payroll System,Main Window,Main Window
5208,414,Payroll System,Category A,Sub Window
5209,414,Payroll System,Category B,Feature 01
5210,414,Payroll System,Category C,Feature 02
5211,414,Payroll System,Category D,Feature 03
5212,414,Point of Sales,Main Window,Main Window
5213,414,Point of Sales,Transactions,View
5214,414,Point of Sales,Transactions,Add
5215,414,Point of Sales,Transactions,Edit
5216,414,Point of Sales,Transactions,Void
5217,414,Point of Sales,Transactions,Refund
5218,414,Point of Sales,Transactions,Open New Day
5219,414,Point of Sales,Transactions,Discounts
5220,414,Point of Sales,Product List,Add
5221,414,Point of Sales,Product List,Edit
5222,414,Point of Sales,Product List,Delete
5223,414,Point of Sales,Reports,Perform X-Reading
5224,414,Point of Sales,Reports,Perform Z-Reading
5225,414,Fixed Assets Management,Main Window,Main Window
5226,414,Fixed Assets Management,Category A,Sub Window
5227,414,Fixed Assets Management,Category B,Feature 01
5228,414,Fixed Assets Management,Category C,Feature 02
5229,414,Fixed Assets Management,Category D,Feature 03
5230,413,System Settings,Main Window,Main Window
5231,413,System Settings,My Account,Update Password
5232,413,Accounting System,Main Window,Main Window
5233,413,Accounting System,Category A,Sub Window
5234,413,Accounting System,Category A,Sub Window 2
5235,413,Accounting System,Category A,Sub Window 3
5236,413,Accounting System,Category A,Sub WIndow 4
5237,413,Accounting System,Category C,Sample Feature
5238,413,Accounting System,Category B,Feature 01
5239,413,Accounting System,Category C,Feature 02
5240,413,Accounting System,Category D,Feature 03
5241,413,Vouchering System,Main Window,Main Window
5242,413,Vouchering System,Category A,Sub Window
5243,413,Vouchering System,Category A,New Feature
5244,413,Vouchering System,Category B,Feature 01
5245,413,Vouchering System,Category C,Feature 02
5246,413,Vouchering System,Category D,Feature 03
5247,413,Vouchering System,Category D,Feature 04
5248,413,Sales and Collection,Main Window,Main Window
5249,413,Sales and Collection,Category A,Sub Window
5250,413,Sales and Collection,Category B,Feature 01
5251,413,Sales and Collection,Category C,Feature 02
5252,413,Sales and Collection,Category D,Feature 03
5253,413,Billing and Collection,Main Window,Main Window
5254,413,Billing and Collection,Category A,Sub Window
5255,413,Billing and Collection,Category B,Feature 01
5256,413,Billing and Collection,Category C,Feature 02
5257,413,Billing and Collection,Category D,Feature 03
5258,413,Inventory System,Main Window,Main Window
5259,413,Inventory System,Main Window,Main Window
5260,413,Inventory System,Product Masterlist,Add
5261,413,Inventory System,Product Masterlist,Edit
5262,413,Inventory System,Product Masterlist,View Details
5263,413,Inventory System,Product Masterlist,Delete
5264,413,Inventory System,Product Masterlist,Print
5265,413,Inventory System,Product Masterlist,Export
5266,413,Inventory System,Product Masterlist,Import
5267,413,Inventory System,Product Masterlist,Unit Price
5268,413,Inventory System,Product Masterlist,Selling Price
5269,413,Inventory System,Product Masterlist,Open Inventory
5270,413,Inventory System,Product Masterlist,Close Inventory
5271,413,Inventory System,Product Masterlist,View Item Transaction
5272,413,Inventory System,Inventory In,Add
5273,413,Inventory System,Inventory In,Edit
5274,413,Inventory System,Inventory In,Delete
5275,413,Inventory System,Inventory In,Print
5276,413,Inventory System,Inventory Out,Add
5277,413,Inventory System,Inventory Out,Edit
5278,413,Inventory System,Inventory Out,Delete
5279,413,Inventory System,Inventory Out,Print
5280,413,Inventory System,Inventory Out,upload
5281,413,Inventory System,Inventory Out,Import
5282,413,Inventory System,Purchase Order,Add
5283,413,Inventory System,Purchase Order,Edit
5284,413,Inventory System,Purchase Order,Delete
5285,413,Inventory System,Purchase Order,Print
5286,413,Inventory System,Purchase Order,Upload
5287,413,Inventory System,Purchase Order,Import
5288,413,Inventory System,Purchase Order,PO Approved
5289,413,Inventory System,Purchase Order,PR List
5290,413,Inventory System,Purchase Order,PR Select
5291,413,Inventory System,Customer Purchase Order,Add
5292,413,Inventory System,Customer Purchase Order,Add New Customer
5293,413,Inventory System,Customer Purchase Order,Edit
5294,413,Inventory System,Customer Purchase Order,Delete
5295,413,Inventory System,Customer Purchase Order,Print
5296,413,Inventory System,Customer Purchase Order,Upload
5297,413,Inventory System,Customer Purchase Order,Import
5298,413,Inventory System,Preferences,Change Theme
5299,413,Inventory System,Purchase Request,Add
5300,413,Inventory System,Purchase Request,Edit
5301,413,Inventory System,Purchase Request,Delete
5302,413,Inventory System,Purchase Request,Print
5303,413,Inventory System,Purchase Request,Upload
5304,413,Inventory System,Purchase Request,Import
5305,413,Inventory System,Purchase Request,PR Approved
5306,413,Inventory System,Inventory Loss,Add
5307,413,Inventory System,Inventory Loss,Edit
5308,413,Inventory System,Inventory Loss,Delete
5309,413,Inventory System,Inventory Loss,Print
5310,413,Inventory System,Product Masterlist History,History
5311,413,Inventory System,Product Masterlist History,History Export
5312,413,Inventory System,Product Masterlist History,History Delete
5313,413,Payroll System,Main Window,Main Window
5314,413,Payroll System,Category A,Sub Window
5315,413,Payroll System,Category B,Feature 01
5316,413,Payroll System,Category C,Feature 02
5317,413,Payroll System,Category D,Feature 03
5318,413,Point of Sales,Main Window,Main Window
5319,413,Point of Sales,Transactions,View
5320,413,Point of Sales,Transactions,Add
5321,413,Point of Sales,Transactions,Edit
5322,413,Point of Sales,Transactions,Refund
5323,413,Point of Sales,Transactions,Open New Day
5324,413,Point of Sales,Reports,Perform X-Reading
5325,413,Point of Sales,Reports,Perform Z-Reading
5326,413,Fixed Assets Management,Main Window,Main Window
5327,413,Fixed Assets Management,Category A,Sub Window
5328,413,Fixed Assets Management,Category B,Feature 01
5329,413,Fixed Assets Management,Category C,Feature 02
5330,413,Fixed Assets Management,Category D,Feature 03
5533,417,System Settings,Main Window,Main Window
5534,417,System Settings,My Account,Update Password
5535,417,Accounting System,Main Window,Main Window
5536,417,Accounting System,Category A,Sub Window
5537,417,Accounting System,Category A,Sub Window 2
5538,417,Accounting System,Category A,Sub Window 3
5539,417,Accounting System,Category A,Sub WIndow 4
5540,417,Accounting System,Category C,Sample Feature
5541,417,Accounting System,Category B,Feature 01
5542,417,Accounting System,Category C,Feature 02
5543,417,Accounting System,Category D,Feature 03
5544,417,Vouchering System,Main Window,Main Window
5545,417,Vouchering System,Category A,Sub Window
5546,417,Vouchering System,Category A,New Feature
5547,417,Vouchering System,Category B,Feature 01
5548,417,Vouchering System,Category C,Feature 02
5549,417,Vouchering System,Category D,Feature 03
5550,417,Vouchering System,Category D,Feature 04
5551,417,Sales and Collection,Main Window,Main Window
5552,417,Sales and Collection,Category A,Sub Window
5553,417,Sales and Collection,Category B,Feature 01
5554,417,Sales and Collection,Category C,Feature 02
5555,417,Sales and Collection,Category D,Feature 03
5556,417,Billing and Collection,Main Window,Main Window
5557,417,Billing and Collection,Category A,Sub Window
5558,417,Billing and Collection,Category B,Feature 01
5559,417,Billing and Collection,Category C,Feature 02
5560,417,Billing and Collection,Category D,Feature 03
5561,417,Inventory System,Main Window,Main Window
5562,417,Inventory System,Main Window,Main Window
5563,417,Inventory System,Product Masterlist,Add
5564,417,Inventory System,Product Masterlist,Edit
5565,417,Inventory System,Product Masterlist,View Details
5566,417,Inventory System,Product Masterlist,Delete
5567,417,Inventory System,Product Masterlist,Print
5568,417,Inventory System,Product Masterlist,Export
5569,417,Inventory System,Product Masterlist,Import
5570,417,Inventory System,Product Masterlist,Unit Price
5571,417,Inventory System,Product Masterlist,Selling Price
5572,417,Inventory System,Product Masterlist,Open Inventory
5573,417,Inventory System,Product Masterlist,Close Inventory
5574,417,Inventory System,Product Masterlist,View Item Transaction
5575,417,Inventory System,Inventory In,Add
5576,417,Inventory System,Inventory In,Edit
5577,417,Inventory System,Inventory In,Delete
5578,417,Inventory System,Inventory In,Print
5579,417,Inventory System,Inventory Out,Add
5580,417,Inventory System,Inventory Out,Edit
5581,417,Inventory System,Inventory Out,Delete
5582,417,Inventory System,Inventory Out,Print
5583,417,Inventory System,Inventory Out,upload
5584,417,Inventory System,Inventory Out,Import
5585,417,Inventory System,Purchase Order,Add
5586,417,Inventory System,Purchase Order,Edit
5587,417,Inventory System,Purchase Order,Delete
5588,417,Inventory System,Purchase Order,Print
5589,417,Inventory System,Purchase Order,Upload
5590,417,Inventory System,Purchase Order,Import
5591,417,Inventory System,Purchase Order,PO Approved
5592,417,Inventory System,Purchase Order,PR List
5593,417,Inventory System,Purchase Order,PR Select
5594,417,Inventory System,Customer Purchase Order,Add
5595,417,Inventory System,Customer Purchase Order,Add New Customer
5596,417,Inventory System,Customer Purchase Order,Edit
5597,417,Inventory System,Customer Purchase Order,Delete
5598,417,Inventory System,Customer Purchase Order,Print
5599,417,Inventory System,Customer Purchase Order,Upload
5600,417,Inventory System,Customer Purchase Order,Import
5601,417,Inventory System,Preferences,Change Theme
5602,417,Inventory System,Purchase Request,Add
5603,417,Inventory System,Purchase Request,Edit
5604,417,Inventory System,Purchase Request,Delete
5605,417,Inventory System,Purchase Request,Print
5606,417,Inventory System,Purchase Request,Upload
5607,417,Inventory System,Purchase Request,Import
5608,417,Inventory System,Purchase Request,PR Approved
5609,417,Inventory System,Inventory Loss,Add
5610,417,Inventory System,Inventory Loss,Edit
5611,417,Inventory System,Inventory Loss,Delete
5612,417,Inventory System,Inventory Loss,Print
5613,417,Inventory System,Product Masterlist History,History
5614,417,Inventory System,Product Masterlist History,History Export
5615,417,Inventory System,Product Masterlist History,History Delete
5616,417,Payroll System,Main Window,Main Window
5617,417,Payroll System,Category A,Sub Window
5618,417,Payroll System,Category B,Feature 01
5619,417,Payroll System,Category C,Feature 02
5620,417,Payroll System,Category D,Feature 03
5621,417,Point of Sales,Main Window,Main Window
5622,417,Point of Sales,Transactions,View
5623,417,Point of Sales,Transactions,Add
5624,417,Point of Sales,Transactions,Edit
5625,417,Point of Sales,Transactions,Refund
5626,417,Point of Sales,Transactions,Open New Day
5627,417,Point of Sales,Reports,Perform X-Reading
5628,417,Point of Sales,Reports,Perform Z-Reading
5629,417,Fixed Assets Management,Main Window,Main Window
5630,417,Fixed Assets Management,Category A,Sub Window
5631,417,Fixed Assets Management,Category B,Feature 01
5632,417,Fixed Assets Management,Category C,Feature 02
5633,417,Fixed Assets Management,Category D,Feature 03
5634,418,System Settings,Main Window,Main Window
5635,418,System Settings,My Account,Update Password
5636,418,Accounting System,Main Window,Main Window
5637,418,Accounting System,Category A,Sub Window
5638,418,Accounting System,Category A,Sub Window 2
5639,418,Accounting System,Category A,Sub Window 3
5640,418,Accounting System,Category A,Sub WIndow 4
5641,418,Accounting System,Category C,Sample Feature
5642,418,Accounting System,Category B,Feature 01
5643,418,Accounting System,Category C,Feature 02
5644,418,Accounting System,Category D,Feature 03
5645,418,Vouchering System,Main Window,Main Window
5646,418,Vouchering System,Category A,Sub Window
5647,418,Vouchering System,Category A,New Feature
5648,418,Vouchering System,Category B,Feature 01
5649,418,Vouchering System,Category C,Feature 02
5650,418,Vouchering System,Category D,Feature 03
5651,418,Vouchering System,Category D,Feature 04
5652,418,Sales and Collection,Main Window,Main Window
5653,418,Sales and Collection,Category A,Sub Window
5654,418,Sales and Collection,Category B,Feature 01
5655,418,Sales and Collection,Category C,Feature 02
5656,418,Sales and Collection,Category D,Feature 03
5657,418,Billing and Collection,Main Window,Main Window
5658,418,Billing and Collection,Category A,Sub Window
5659,418,Billing and Collection,Category B,Feature 01
5660,418,Billing and Collection,Category C,Feature 02
5661,418,Billing and Collection,Category D,Feature 03
5662,418,Inventory System,Main Window,Main Window
5663,418,Inventory System,Main Window,Main Window
5664,418,Inventory System,Product Masterlist,Add
5665,418,Inventory System,Product Masterlist,Edit
5666,418,Inventory System,Product Masterlist,View Details
5667,418,Inventory System,Product Masterlist,Delete
5668,418,Inventory System,Product Masterlist,Print
5669,418,Inventory System,Product Masterlist,Export
5670,418,Inventory System,Product Masterlist,Import
5671,418,Inventory System,Product Masterlist,Unit Price
5672,418,Inventory System,Product Masterlist,Selling Price
5673,418,Inventory System,Product Masterlist,Open Inventory
5674,418,Inventory System,Product Masterlist,Close Inventory
5675,418,Inventory System,Product Masterlist,View Item Transaction
5676,418,Inventory System,Inventory In,Add
5677,418,Inventory System,Inventory In,Edit
5678,418,Inventory System,Inventory In,Delete
5679,418,Inventory System,Inventory In,Print
5680,418,Inventory System,Inventory Out,Add
5681,418,Inventory System,Inventory Out,Edit
5682,418,Inventory System,Inventory Out,Delete
5683,418,Inventory System,Inventory Out,Print
5684,418,Inventory System,Inventory Out,upload
5685,418,Inventory System,Inventory Out,Import
5686,418,Inventory System,Purchase Order,Add
5687,418,Inventory System,Purchase Order,Edit
5688,418,Inventory System,Purchase Order,Delete
5689,418,Inventory System,Purchase Order,Print
5690,418,Inventory System,Purchase Order,Upload
5691,418,Inventory System,Purchase Order,Import
5692,418,Inventory System,Purchase Order,PO Approved
5693,418,Inventory System,Purchase Order,PR List
5694,418,Inventory System,Purchase Order,PR Select
5695,418,Inventory System,Customer Purchase Order,Add
5696,418,Inventory System,Customer Purchase Order,Add New Customer
5697,418,Inventory System,Customer Purchase Order,Edit
5698,418,Inventory System,Customer Purchase Order,Delete
5699,418,Inventory System,Customer Purchase Order,Print
5700,418,Inventory System,Customer Purchase Order,Upload
5701,418,Inventory System,Customer Purchase Order,Import
5702,418,Inventory System,Preferences,Change Theme
5703,418,Inventory System,Purchase Request,Add
5704,418,Inventory System,Purchase Request,Edit
5705,418,Inventory System,Purchase Request,Delete
5706,418,Inventory System,Purchase Request,Print
5707,418,Inventory System,Purchase Request,Upload
5708,418,Inventory System,Purchase Request,Import
5709,418,Inventory System,Purchase Request,PR Approved
5710,418,Inventory System,Inventory Loss,Add
5711,418,Inventory System,Inventory Loss,Edit
5712,418,Inventory System,Inventory Loss,Delete
5713,418,Inventory System,Inventory Loss,Print
5714,418,Inventory System,Product Masterlist History,History
5715,418,Inventory System,Product Masterlist History,History Export
5716,418,Inventory System,Product Masterlist History,History Delete
5717,418,Payroll System,Main Window,Main Window
5718,418,Payroll System,Category A,Sub Window
5719,418,Payroll System,Category B,Feature 01
5720,418,Payroll System,Category C,Feature 02
5721,418,Payroll System,Category D,Feature 03
5722,418,Point of Sales,Main Window,Main Window
5723,418,Point of Sales,Transactions,View
5724,418,Point of Sales,Transactions,Add
5725,418,Point of Sales,Transactions,Edit
5726,418,Point of Sales,Transactions,Refund
5727,418,Point of Sales,Transactions,Open New Day
5728,418,Point of Sales,Reports,Perform X-Reading
5729,418,Point of Sales,Reports,Perform Z-Reading
5730,418,Fixed Assets Management,Main Window,Main Window
5731,418,Fixed Assets Management,Category A,Sub Window
5732,418,Fixed Assets Management,Category B,Feature 01
5733,418,Fixed Assets Management,Category C,Feature 02
5734,418,Fixed Assets Management,Category D,Feature 03
6011,420,System Settings,Main Window,Main Window
6012,420,System Settings,My Account,Update Password
6013,420,System Settings,Preferences,Change Theme
6014,420,System Settings,User Accounts,View
6015,420,System Settings,User Accounts,Add
6016,420,System Settings,User Accounts,Edit
6017,420,System Settings,User Accounts,Delete
6018,420,System Settings,User Accounts,Sample
6019,420,System Settings,User Accounts,View Credentials
6020,420,System Settings,User Accounts,Assign Credentials
6021,420,System Settings,Chart of Accounts,View
6022,420,System Settings,Supplier List,View
6023,420,System Settings,Supplier List,Add
6024,420,System Settings,Supplier List,Edit
6025,420,System Settings,Supplier List,Delete
6026,420,System Settings,Projects,View
6027,420,System Settings,Projects,Add
6028,420,System Settings,Projects,Edit
6029,420,System Settings,Projects,Delete
6030,420,System Settings,Cost Center,View
6031,420,System Settings,Cost Center,Add
6032,420,System Settings,Cost Center,Edit
6033,420,System Settings,Cost Center,Delete
6034,420,System Settings,Account Class,View
6035,420,System Settings,Account Class,Add
6036,420,System Settings,Account Class,Edit
6037,420,System Settings,Account Class,Delete
6038,420,Accounting System,Main Window,Main Window
6039,420,Sales and Collection,Main Window,Main Window
6040,420,Sales and Collection,Category A,Sub Window
6041,420,Sales and Collection,Category B,Feature 01
6042,420,Sales and Collection,Category C,Feature 02
6043,420,Sales and Collection,Category D,Feature 03
6044,420,Billing and Collection,Main Window,Main Window
6045,420,Inventory System,Main Window,Main Window
6046,420,Inventory System,Main Window,Main Window
6047,420,Inventory System,Product Masterlist,Add
6048,420,Inventory System,Product Masterlist,Edit
6049,420,Inventory System,Product Masterlist,View Details
6050,420,Inventory System,Product Masterlist,Delete
6051,420,Fixed Assets Management,Main Window,Main Window
6052,415,System Settings,Main Window,Main Window
6053,415,System Settings,My Account,Update Password
6054,415,Accounting System,Main Window,Main Window
6055,415,Accounting System,Category A,Sub Window
6056,415,Accounting System,Category A,Sub Window 2
6057,415,Accounting System,Category A,Sub Window 3
6058,415,Accounting System,Category A,Sub WIndow 4
6059,415,Accounting System,Category C,Sample Feature
6060,415,Accounting System,Category B,Feature 01
6061,415,Accounting System,Category C,Feature 02
6062,415,Accounting System,Category D,Feature 03
6063,415,Vouchering System,Main Window,Main Window
6064,415,Vouchering System,Category A,Sub Window
6065,415,Vouchering System,Category A,New Feature
6066,415,Vouchering System,Category B,Feature 01
6067,415,Vouchering System,Category C,Feature 02
6068,415,Vouchering System,Category D,Feature 03
6069,415,Vouchering System,Category D,Feature 04
6070,415,Sales and Collection,Main Window,Main Window
6071,415,Sales and Collection,Category A,Sub Window
6072,415,Sales and Collection,Category B,Feature 01
6073,415,Sales and Collection,Category C,Feature 02
6074,415,Sales and Collection,Category D,Feature 03
6075,415,Billing and Collection,Main Window,Main Window
6076,415,Billing and Collection,Category A,Sub Window
6077,415,Billing and Collection,Category B,Feature 01
6078,415,Billing and Collection,Category C,Feature 02
6079,415,Billing and Collection,Category D,Feature 03
6080,415,Inventory System,Main Window,Main Window
6081,415,Inventory System,Main Window,Main Window
6082,415,Inventory System,Product Masterlist,Add
6083,415,Inventory System,Product Masterlist,Edit
6084,415,Inventory System,Product Masterlist,View Details
6085,415,Inventory System,Product Masterlist,Delete
6086,415,Inventory System,Product Masterlist,Print
6087,415,Inventory System,Product Masterlist,Export
6088,415,Inventory System,Product Masterlist,Import
6089,415,Inventory System,Product Masterlist,Unit Price
6090,415,Inventory System,Product Masterlist,Selling Price
6091,415,Inventory System,Product Masterlist,Open Inventory
6092,415,Inventory System,Product Masterlist,Close Inventory
6093,415,Inventory System,Product Masterlist,View Item Transaction
6094,415,Inventory System,Inventory In,Add
6095,415,Inventory System,Inventory In,Edit
6096,415,Inventory System,Inventory In,Delete
6097,415,Inventory System,Inventory In,Print
6098,415,Inventory System,Inventory Out,Add
6099,415,Inventory System,Inventory Out,Edit
6100,415,Inventory System,Inventory Out,Delete
6101,415,Inventory System,Inventory Out,Print
6102,415,Inventory System,Inventory Out,upload
6103,415,Inventory System,Inventory Out,Import
6104,415,Inventory System,Purchase Order,Add
6105,415,Inventory System,Purchase Order,Edit
6106,415,Inventory System,Purchase Order,Delete
6107,415,Inventory System,Purchase Order,Print
6108,415,Inventory System,Purchase Order,Upload
6109,415,Inventory System,Purchase Order,Import
6110,415,Inventory System,Purchase Order,PO Approved
6111,415,Inventory System,Purchase Order,PR List
6112,415,Inventory System,Purchase Order,PR Select
6113,415,Inventory System,Customer Purchase Order,Add
6114,415,Inventory System,Customer Purchase Order,Add New Customer
6115,415,Inventory System,Customer Purchase Order,Edit
6116,415,Inventory System,Customer Purchase Order,Delete
6117,415,Inventory System,Customer Purchase Order,Print
6118,415,Inventory System,Customer Purchase Order,Upload
6119,415,Inventory System,Customer Purchase Order,Import
6120,415,Inventory System,Preferences,Change Theme
6121,415,Inventory System,Purchase Request,Add
6122,415,Inventory System,Purchase Request,Edit
6123,415,Inventory System,Purchase Request,Delete
6124,415,Inventory System,Purchase Request,Print
6125,415,Inventory System,Purchase Request,Upload
6126,415,Inventory System,Purchase Request,Import
6127,415,Inventory System,Purchase Request,PR Approved
6128,415,Inventory System,Inventory Loss,Add
6129,415,Inventory System,Inventory Loss,Edit
6130,415,Inventory System,Inventory Loss,Delete
6131,415,Inventory System,Inventory Loss,Print
6132,415,Inventory System,Product Masterlist History,History
6133,415,Inventory System,Product Masterlist History,History Export
6134,415,Inventory System,Product Masterlist History,History Delete
6135,415,Payroll System,Main Window,Main Window
6136,415,Payroll System,Category A,Sub Window
6137,415,Payroll System,Category B,Feature 01
6138,415,Payroll System,Category C,Feature 02
6139,415,Payroll System,Category D,Feature 03
6140,415,Point of Sales,Main Window,Main Window
6141,415,Point of Sales,Transactions,View
6142,415,Point of Sales,Transactions,Add
6143,415,Point of Sales,Transactions,Edit
6144,415,Point of Sales,Transactions,Open New Day
6145,415,Point of Sales,Transactions,Discounts
6146,415,Point of Sales,Reports,Perform X-Reading
6147,415,Point of Sales,Reports,Perform Z-Reading
6148,415,Fixed Assets Management,Main Window,Main Window
6149,415,Fixed Assets Management,Category A,Sub Window
6150,415,Fixed Assets Management,Category B,Feature 01
6151,415,Fixed Assets Management,Category C,Feature 02
6152,415,Fixed Assets Management,Category D,Feature 03
6153,416,System Settings,Main Window,Main Window
6154,416,System Settings,My Account,Update Password
6155,416,Accounting System,Main Window,Main Window
6156,416,Accounting System,Category A,Sub Window
6157,416,Accounting System,Category A,Sub Window 2
6158,416,Accounting System,Category A,Sub Window 3
6159,416,Accounting System,Category A,Sub WIndow 4
6160,416,Accounting System,Category C,Sample Feature
6161,416,Accounting System,Category B,Feature 01
6162,416,Accounting System,Category C,Feature 02
6163,416,Accounting System,Category D,Feature 03
6164,416,Vouchering System,Main Window,Main Window
6165,416,Vouchering System,Category A,Sub Window
6166,416,Vouchering System,Category A,New Feature
6167,416,Vouchering System,Category B,Feature 01
6168,416,Vouchering System,Category C,Feature 02
6169,416,Vouchering System,Category D,Feature 03
6170,416,Vouchering System,Category D,Feature 04
6171,416,Sales and Collection,Main Window,Main Window
6172,416,Sales and Collection,Category A,Sub Window
6173,416,Sales and Collection,Category B,Feature 01
6174,416,Sales and Collection,Category C,Feature 02
6175,416,Sales and Collection,Category D,Feature 03
6176,416,Billing and Collection,Main Window,Main Window
6177,416,Billing and Collection,Category A,Sub Window
6178,416,Billing and Collection,Category B,Feature 01
6179,416,Billing and Collection,Category C,Feature 02
6180,416,Billing and Collection,Category D,Feature 03
6181,416,Inventory System,Main Window,Main Window
6182,416,Inventory System,Main Window,Main Window
6183,416,Inventory System,Product Masterlist,Add
6184,416,Inventory System,Product Masterlist,Edit
6185,416,Inventory System,Product Masterlist,View Details
6186,416,Inventory System,Product Masterlist,Delete
6187,416,Inventory System,Product Masterlist,Print
6188,416,Inventory System,Product Masterlist,Export
6189,416,Inventory System,Product Masterlist,Import
6190,416,Inventory System,Product Masterlist,Unit Price
6191,416,Inventory System,Product Masterlist,Selling Price
6192,416,Inventory System,Product Masterlist,Open Inventory
6193,416,Inventory System,Product Masterlist,Close Inventory
6194,416,Inventory System,Product Masterlist,View Item Transaction
6195,416,Inventory System,Inventory In,Add
6196,416,Inventory System,Inventory In,Edit
6197,416,Inventory System,Inventory In,Delete
6198,416,Inventory System,Inventory In,Print
6199,416,Inventory System,Inventory Out,Add
6200,416,Inventory System,Inventory Out,Edit
6201,416,Inventory System,Inventory Out,Delete
6202,416,Inventory System,Inventory Out,Print
6203,416,Inventory System,Inventory Out,upload
6204,416,Inventory System,Inventory Out,Import
6205,416,Inventory System,Purchase Order,Add
6206,416,Inventory System,Purchase Order,Edit
6207,416,Inventory System,Purchase Order,Delete
6208,416,Inventory System,Purchase Order,Print
6209,416,Inventory System,Purchase Order,Upload
6210,416,Inventory System,Purchase Order,Import
6211,416,Inventory System,Purchase Order,PO Approved
6212,416,Inventory System,Purchase Order,PR List
6213,416,Inventory System,Purchase Order,PR Select
6214,416,Inventory System,Customer Purchase Order,Add
6215,416,Inventory System,Customer Purchase Order,Add New Customer
6216,416,Inventory System,Customer Purchase Order,Edit
6217,416,Inventory System,Customer Purchase Order,Delete
6218,416,Inventory System,Customer Purchase Order,Print
6219,416,Inventory System,Customer Purchase Order,Upload
6220,416,Inventory System,Customer Purchase Order,Import
6221,416,Inventory System,Preferences,Change Theme
6222,416,Inventory System,Purchase Request,Add
6223,416,Inventory System,Purchase Request,Edit
6224,416,Inventory System,Purchase Request,Delete
6225,416,Inventory System,Purchase Request,Print
6226,416,Inventory System,Purchase Request,Upload
6227,416,Inventory System,Purchase Request,Import
6228,416,Inventory System,Purchase Request,PR Approved
6229,416,Inventory System,Inventory Loss,Add
6230,416,Inventory System,Inventory Loss,Edit
6231,416,Inventory System,Inventory Loss,Delete
6232,416,Inventory System,Inventory Loss,Print
6233,416,Inventory System,Product Masterlist History,History
6234,416,Inventory System,Product Masterlist History,History Export
6235,416,Inventory System,Product Masterlist History,History Delete
6236,416,Payroll System,Main Window,Main Window
6237,416,Payroll System,Category A,Sub Window
6238,416,Payroll System,Category B,Feature 01
6239,416,Payroll System,Category C,Feature 02
6240,416,Payroll System,Category D,Feature 03
6241,416,Point of Sales,Main Window,Main Window
6242,416,Point of Sales,Transactions,View
6243,416,Point of Sales,Transactions,Add
6244,416,Point of Sales,Transactions,Edit
6245,416,Point of Sales,Transactions,Void
6246,416,Point of Sales,Transactions,Refund
6247,416,Point of Sales,Transactions,Open New Day
6248,416,Point of Sales,Transactions,Discounts
6249,416,Point of Sales,Reports,Perform X-Reading
6250,416,Point of Sales,Reports,Perform Z-Reading
6251,416,Fixed Assets Management,Main Window,Main Window
6252,416,Fixed Assets Management,Category A,Sub Window
6253,416,Fixed Assets Management,Category B,Feature 01
6254,416,Fixed Assets Management,Category C,Feature 02
6255,416,Fixed Assets Management,Category D,Feature 03
6256,421,System Settings,Main Window,Main Window
6257,421,System Settings,My Account,Update Password
6258,421,Accounting System,Main Window,Main Window
6259,421,Accounting System,Category A,Sub Window
6260,421,Accounting System,Category A,Sub Window 2
6261,421,Accounting System,Category A,Sub Window 3
6262,421,Accounting System,Category A,Sub WIndow 4
6263,421,Accounting System,Category C,Sample Feature
6264,421,Accounting System,Category B,Feature 01
6265,421,Accounting System,Category C,Feature 02
6266,421,Accounting System,Category D,Feature 03
6267,421,Vouchering System,Main Window,Main Window
6268,421,Vouchering System,Category A,Sub Window
6269,421,Vouchering System,Category A,New Feature
6270,421,Vouchering System,Category B,Feature 01
6271,421,Vouchering System,Category C,Feature 02
6272,421,Vouchering System,Category D,Feature 03
6273,421,Vouchering System,Category D,Feature 04
6274,421,Sales and Collection,Main Window,Main Window
6275,421,Sales and Collection,Category A,Sub Window
6276,421,Sales and Collection,Category B,Feature 01
6277,421,Sales and Collection,Category C,Feature 02
6278,421,Sales and Collection,Category D,Feature 03
6279,421,Billing and Collection,Main Window,Main Window
6280,421,Billing and Collection,Category A,Sub Window
6281,421,Billing and Collection,Category B,Feature 01
6282,421,Billing and Collection,Category C,Feature 02
6283,421,Billing and Collection,Category D,Feature 03
6284,421,Inventory System,Main Window,Main Window
6285,421,Inventory System,Main Window,Main Window
6286,421,Inventory System,Product Masterlist,Add
6287,421,Inventory System,Product Masterlist,Edit
6288,421,Inventory System,Product Masterlist,View Details
6289,421,Inventory System,Product Masterlist,Delete
6290,421,Inventory System,Product Masterlist,Print
6291,421,Inventory System,Product Masterlist,Export
6292,421,Inventory System,Product Masterlist,Import
6293,421,Inventory System,Product Masterlist,Unit Price
6294,421,Inventory System,Product Masterlist,Selling Price
6295,421,Inventory System,Product Masterlist,Open Inventory
6296,421,Inventory System,Product Masterlist,Close Inventory
6297,421,Inventory System,Product Masterlist,View Item Transaction
6298,421,Inventory System,Inventory In,Add
6299,421,Inventory System,Inventory In,Edit
6300,421,Inventory System,Inventory In,Delete
6301,421,Inventory System,Inventory In,Print
6302,421,Inventory System,Inventory Out,Add
6303,421,Inventory System,Inventory Out,Edit
6304,421,Inventory System,Inventory Out,Delete
6305,421,Inventory System,Inventory Out,Print
6306,421,Inventory System,Inventory Out,upload
6307,421,Inventory System,Inventory Out,Import
6308,421,Inventory System,Purchase Order,Add
6309,421,Inventory System,Purchase Order,Edit
6310,421,Inventory System,Purchase Order,Delete
6311,421,Inventory System,Purchase Order,Print
6312,421,Inventory System,Purchase Order,Upload
6313,421,Inventory System,Purchase Order,Import
6314,421,Inventory System,Purchase Order,PO Approved
6315,421,Inventory System,Purchase Order,PR List
6316,421,Inventory System,Purchase Order,PR Select
6317,421,Inventory System,Customer Purchase Order,Add
6318,421,Inventory System,Customer Purchase Order,Add New Customer
6319,421,Inventory System,Customer Purchase Order,Edit
6320,421,Inventory System,Customer Purchase Order,Delete
6321,421,Inventory System,Customer Purchase Order,Print
6322,421,Inventory System,Customer Purchase Order,Upload
6323,421,Inventory System,Customer Purchase Order,Import
6324,421,Inventory System,Preferences,Change Theme
6325,421,Inventory System,Purchase Request,Add
6326,421,Inventory System,Purchase Request,Edit
6327,421,Inventory System,Purchase Request,Delete
6328,421,Inventory System,Purchase Request,Print
6329,421,Inventory System,Purchase Request,Upload
6330,421,Inventory System,Purchase Request,Import
6331,421,Inventory System,Purchase Request,PR Approved
6332,421,Inventory System,Inventory Loss,Add
6333,421,Inventory System,Inventory Loss,Edit
6334,421,Inventory System,Inventory Loss,Delete
6335,421,Inventory System,Inventory Loss,Print
6336,421,Inventory System,Product Masterlist History,History
6337,421,Inventory System,Product Masterlist History,History Export
6338,421,Inventory System,Product Masterlist History,History Delete
6339,421,Payroll System,Main Window,Main Window
6340,421,Payroll System,Category A,Sub Window
6341,421,Payroll System,Category B,Feature 01
6342,421,Payroll System,Category C,Feature 02
6343,421,Payroll System,Category D,Feature 03
6344,421,Point of Sales,Main Window,Main Window
6345,421,Point of Sales,Transactions,View
6346,421,Point of Sales,Transactions,Add
6347,421,Point of Sales,Transactions,Edit
6348,421,Point of Sales,Transactions,Open New Day
6349,421,Point of Sales,Transactions,Discounts
6350,421,Point of Sales,Reports,Perform X-Reading
6351,421,Point of Sales,Reports,Perform Z-Reading
6352,421,Fixed Assets Management,Main Window,Main Window
6353,421,Fixed Assets Management,Category A,Sub Window
6354,421,Fixed Assets Management,Category B,Feature 01
6355,421,Fixed Assets Management,Category C,Feature 02
6356,421,Fixed Assets Management,Category D,Feature 03
6357,422,System Settings,Main Window,Main Window
6358,422,System Settings,My Account,Update Password
6359,422,Accounting System,Main Window,Main Window
6360,422,Accounting System,Category A,Sub Window
6361,422,Accounting System,Category A,Sub Window 2
6362,422,Accounting System,Category A,Sub Window 3
6363,422,Accounting System,Category A,Sub WIndow 4
6364,422,Accounting System,Category C,Sample Feature
6365,422,Accounting System,Category B,Feature 01
6366,422,Accounting System,Category C,Feature 02
6367,422,Accounting System,Category D,Feature 03
6368,422,Vouchering System,Main Window,Main Window
6369,422,Vouchering System,Category A,Sub Window
6370,422,Vouchering System,Category A,New Feature
6371,422,Vouchering System,Category B,Feature 01
6372,422,Vouchering System,Category C,Feature 02
6373,422,Vouchering System,Category D,Feature 03
6374,422,Vouchering System,Category D,Feature 04
6375,422,Sales and Collection,Main Window,Main Window
6376,422,Sales and Collection,Category A,Sub Window
6377,422,Sales and Collection,Category B,Feature 01
6378,422,Sales and Collection,Category C,Feature 02
6379,422,Sales and Collection,Category D,Feature 03
6380,422,Billing and Collection,Main Window,Main Window
6381,422,Billing and Collection,Category A,Sub Window
6382,422,Billing and Collection,Category B,Feature 01
6383,422,Billing and Collection,Category C,Feature 02
6384,422,Billing and Collection,Category D,Feature 03
6385,422,Inventory System,Main Window,Main Window
6386,422,Inventory System,Main Window,Main Window
6387,422,Inventory System,Product Masterlist,Add
6388,422,Inventory System,Product Masterlist,Edit
6389,422,Inventory System,Product Masterlist,View Details
6390,422,Inventory System,Product Masterlist,Delete
6391,422,Inventory System,Product Masterlist,Print
6392,422,Inventory System,Product Masterlist,Export
6393,422,Inventory System,Product Masterlist,Import
6394,422,Inventory System,Product Masterlist,Unit Price
6395,422,Inventory System,Product Masterlist,Selling Price
6396,422,Inventory System,Product Masterlist,Open Inventory
6397,422,Inventory System,Product Masterlist,Close Inventory
6398,422,Inventory System,Product Masterlist,View Item Transaction
6399,422,Inventory System,Inventory In,Add
6400,422,Inventory System,Inventory In,Edit
6401,422,Inventory System,Inventory In,Delete
6402,422,Inventory System,Inventory In,Print
6403,422,Inventory System,Inventory Out,Add
6404,422,Inventory System,Inventory Out,Edit
6405,422,Inventory System,Inventory Out,Delete
6406,422,Inventory System,Inventory Out,Print
6407,422,Inventory System,Inventory Out,upload
6408,422,Inventory System,Inventory Out,Import
6409,422,Inventory System,Purchase Order,Add
6410,422,Inventory System,Purchase Order,Edit
6411,422,Inventory System,Purchase Order,Delete
6412,422,Inventory System,Purchase Order,Print
6413,422,Inventory System,Purchase Order,Upload
6414,422,Inventory System,Purchase Order,Import
6415,422,Inventory System,Purchase Order,PO Approved
6416,422,Inventory System,Purchase Order,PR List
6417,422,Inventory System,Purchase Order,PR Select
6418,422,Inventory System,Customer Purchase Order,Add
6419,422,Inventory System,Customer Purchase Order,Add New Customer
6420,422,Inventory System,Customer Purchase Order,Edit
6421,422,Inventory System,Customer Purchase Order,Delete
6422,422,Inventory System,Customer Purchase Order,Print
6423,422,Inventory System,Customer Purchase Order,Upload
6424,422,Inventory System,Customer Purchase Order,Import
6425,422,Inventory System,Preferences,Change Theme
6426,422,Inventory System,Purchase Request,Add
6427,422,Inventory System,Purchase Request,Edit
6428,422,Inventory System,Purchase Request,Delete
6429,422,Inventory System,Purchase Request,Print
6430,422,Inventory System,Purchase Request,Upload
6431,422,Inventory System,Purchase Request,Import
6432,422,Inventory System,Purchase Request,PR Approved
6433,422,Inventory System,Inventory Loss,Add
6434,422,Inventory System,Inventory Loss,Edit
6435,422,Inventory System,Inventory Loss,Delete
6436,422,Inventory System,Inventory Loss,Print
6437,422,Inventory System,Product Masterlist History,History
6438,422,Inventory System,Product Masterlist History,History Export
6439,422,Inventory System,Product Masterlist History,History Delete
6440,422,Payroll System,Main Window,Main Window
6441,422,Payroll System,Category A,Sub Window
6442,422,Payroll System,Category B,Feature 01
6443,422,Payroll System,Category C,Feature 02
6444,422,Payroll System,Category D,Feature 03
6445,422,Point of Sales,Main Window,Main Window
6446,422,Point of Sales,Transactions,View
6447,422,Point of Sales,Transactions,Add
6448,422,Point of Sales,Transactions,Edit
6449,422,Point of Sales,Transactions,Open New Day
6450,422,Point of Sales,Transactions,Discounts
6451,422,Point of Sales,Reports,Perform X-Reading
6452,422,Point of Sales,Reports,Perform Z-Reading
6453,422,Fixed Assets Management,Main Window,Main Window
6454,422,Fixed Assets Management,Category A,Sub Window
6455,422,Fixed Assets Management,Category B,Feature 01
6456,422,Fixed Assets Management,Category C,Feature 02
6457,422,Fixed Assets Management,Category D,Feature 03
6458,423,System Settings,Main Window,Main Window
6459,423,System Settings,My Account,Update Password
6460,423,Accounting System,Main Window,Main Window
6461,423,Accounting System,Category A,Sub Window
6462,423,Accounting System,Category A,Sub Window 2
6463,423,Accounting System,Category A,Sub Window 3
6464,423,Accounting System,Category A,Sub WIndow 4
6465,423,Accounting System,Category C,Sample Feature
6466,423,Accounting System,Category B,Feature 01
6467,423,Accounting System,Category C,Feature 02
6468,423,Accounting System,Category D,Feature 03
6469,423,Vouchering System,Main Window,Main Window
6470,423,Vouchering System,Category A,Sub Window
6471,423,Vouchering System,Category A,New Feature
6472,423,Vouchering System,Category B,Feature 01
6473,423,Vouchering System,Category C,Feature 02
6474,423,Vouchering System,Category D,Feature 03
6475,423,Vouchering System,Category D,Feature 04
6476,423,Sales and Collection,Main Window,Main Window
6477,423,Sales and Collection,Category A,Sub Window
6478,423,Sales and Collection,Category B,Feature 01
6479,423,Sales and Collection,Category C,Feature 02
6480,423,Sales and Collection,Category D,Feature 03
6481,423,Billing and Collection,Main Window,Main Window
6482,423,Billing and Collection,Category A,Sub Window
6483,423,Billing and Collection,Category B,Feature 01
6484,423,Billing and Collection,Category C,Feature 02
6485,423,Billing and Collection,Category D,Feature 03
6486,423,Inventory System,Main Window,Main Window
6487,423,Inventory System,Main Window,Main Window
6488,423,Inventory System,Product Masterlist,Add
6489,423,Inventory System,Product Masterlist,Edit
6490,423,Inventory System,Product Masterlist,View Details
6491,423,Inventory System,Product Masterlist,Delete
6492,423,Inventory System,Product Masterlist,Print
6493,423,Inventory System,Product Masterlist,Export
6494,423,Inventory System,Product Masterlist,Import
6495,423,Inventory System,Product Masterlist,Unit Price
6496,423,Inventory System,Product Masterlist,Selling Price
6497,423,Inventory System,Product Masterlist,Open Inventory
6498,423,Inventory System,Product Masterlist,Close Inventory
6499,423,Inventory System,Product Masterlist,View Item Transaction
6500,423,Inventory System,Inventory In,Add
6501,423,Inventory System,Inventory In,Edit
6502,423,Inventory System,Inventory In,Delete
6503,423,Inventory System,Inventory In,Print
6504,423,Inventory System,Inventory Out,Add
6505,423,Inventory System,Inventory Out,Edit
6506,423,Inventory System,Inventory Out,Delete
6507,423,Inventory System,Inventory Out,Print
6508,423,Inventory System,Inventory Out,upload
6509,423,Inventory System,Inventory Out,Import
6510,423,Inventory System,Purchase Order,Add
6511,423,Inventory System,Purchase Order,Edit
6512,423,Inventory System,Purchase Order,Delete
6513,423,Inventory System,Purchase Order,Print
6514,423,Inventory System,Purchase Order,Upload
6515,423,Inventory System,Purchase Order,Import
6516,423,Inventory System,Purchase Order,PO Approved
6517,423,Inventory System,Purchase Order,PR List
6518,423,Inventory System,Purchase Order,PR Select
6519,423,Inventory System,Customer Purchase Order,Add
6520,423,Inventory System,Customer Purchase Order,Add New Customer
6521,423,Inventory System,Customer Purchase Order,Edit
6522,423,Inventory System,Customer Purchase Order,Delete
6523,423,Inventory System,Customer Purchase Order,Print
6524,423,Inventory System,Customer Purchase Order,Upload
6525,423,Inventory System,Customer Purchase Order,Import
6526,423,Inventory System,Preferences,Change Theme
6527,423,Inventory System,Purchase Request,Add
6528,423,Inventory System,Purchase Request,Edit
6529,423,Inventory System,Purchase Request,Delete
6530,423,Inventory System,Purchase Request,Print
6531,423,Inventory System,Purchase Request,Upload
6532,423,Inventory System,Purchase Request,Import
6533,423,Inventory System,Purchase Request,PR Approved
6534,423,Inventory System,Inventory Loss,Add
6535,423,Inventory System,Inventory Loss,Edit
6536,423,Inventory System,Inventory Loss,Delete
6537,423,Inventory System,Inventory Loss,Print
6538,423,Inventory System,Product Masterlist History,History
6539,423,Inventory System,Product Masterlist History,History Export
6540,423,Inventory System,Product Masterlist History,History Delete
6541,423,Payroll System,Main Window,Main Window
6542,423,Payroll System,Category A,Sub Window
6543,423,Payroll System,Category B,Feature 01
6544,423,Payroll System,Category C,Feature 02
6545,423,Payroll System,Category D,Feature 03
6546,423,Point of Sales,Main Window,Main Window
6547,423,Point of Sales,Transactions,View
6548,423,Point of Sales,Transactions,Add
6549,423,Point of Sales,Transactions,Edit
6550,423,Point of Sales,Transactions,Open New Day
6551,423,Point of Sales,Transactions,Discounts
6552,423,Point of Sales,Reports,Perform X-Reading
6553,423,Point of Sales,Reports,Perform Z-Reading
6554,423,Fixed Assets Management,Main Window,Main Window
6555,423,Fixed Assets Management,Category A,Sub Window
6556,423,Fixed Assets Management,Category B,Feature 01
6557,423,Fixed Assets Management,Category C,Feature 02
6558,423,Fixed Assets Management,Category D,Feature 03
6908,426,System Settings,Main Window,Main Window
6909,426,Point of Sales,Main Window,Main Window
6910,426,Point of Sales,Transactions,View
6911,426,Point of Sales,Transactions,Add
6912,426,Point of Sales,Transactions,Edit
6918,427,System Settings,Main Window,Main Window
6919,427,Point of Sales,Main Window,Main Window
6920,427,Point of Sales,Transactions,View
6921,427,Point of Sales,Transactions,Add
6922,427,Point of Sales,Transactions,Edit
6923,428,System Settings,Main Window,Main Window
6924,428,Point of Sales,Main Window,Main Window
6925,428,Point of Sales,Transactions,View
6926,428,Point of Sales,Transactions,Add
6927,428,Point of Sales,Transactions,Edit
6928,429,System Settings,Main Window,Main Window
6929,429,Point of Sales,Main Window,Main Window
6930,429,Point of Sales,Transactions,View
6931,429,Point of Sales,Transactions,Add
6932,429,Point of Sales,Transactions,Edit
6933,425,System Settings,Main Window,Main Window
6934,425,Point of Sales,Main Window,Main Window
6935,425,Point of Sales,Transactions,View
6936,425,Point of Sales,Transactions,Add
6937,425,Point of Sales,Transactions,Edit
6938,425,Point of Sales,Transactions,Void
6939,425,Point of Sales,Transactions,Refund
6940,425,Point of Sales,Transactions,Open New Day
6941,425,Point of Sales,Transactions,Discounts
6942,425,Point of Sales,Reports,Perform X-Reading
6943,424,System Settings,Main Window,Main Window
6944,424,System Settings,My Account,Update Password
6945,424,System Settings,Preferences,Change Theme
6946,424,System Settings,User Accounts,View
6947,424,System Settings,User Accounts,Add
6948,424,System Settings,User Accounts,Edit
6949,424,System Settings,User Accounts,Delete
6950,424,System Settings,User Accounts,Sample
6951,424,System Settings,User Accounts,View Credentials
6952,424,System Settings,User Accounts,Assign Credentials
6953,424,Accounting System,Main Window,Main Window
6954,424,Accounting System,Category A,Sub Window
6955,424,Accounting System,Category A,Sub Window 2
6956,424,Accounting System,Category A,Sub Window 3
6957,424,Accounting System,Category A,Sub WIndow 4
6958,424,Accounting System,Category C,Sample Feature
6959,424,Accounting System,Category B,Feature 01
6960,424,Accounting System,Category C,Feature 02
6961,424,Accounting System,Category D,Feature 03
6962,424,Vouchering System,Main Window,Main Window
6963,424,Vouchering System,Category A,Sub Window
6964,424,Vouchering System,Category A,New Feature
6965,424,Vouchering System,Category B,Feature 01
6966,424,Vouchering System,Category C,Feature 02
6967,424,Vouchering System,Category D,Feature 03
6968,424,Vouchering System,Category D,Feature 04
6969,424,Sales and Collection,Main Window,Main Window
6970,424,Sales and Collection,Category A,Sub Window
6971,424,Sales and Collection,Category B,Feature 01
6972,424,Sales and Collection,Category C,Feature 02
6973,424,Sales and Collection,Category D,Feature 03
6974,424,Billing and Collection,Main Window,Main Window
6975,424,Billing and Collection,Category A,Sub Window
6976,424,Billing and Collection,Category B,Feature 01
6977,424,Billing and Collection,Category C,Feature 02
6978,424,Billing and Collection,Category D,Feature 03
6979,424,Inventory System,Main Window,Main Window
6980,424,Inventory System,Main Window,Main Window
6981,424,Inventory System,Product Masterlist,Add
6982,424,Inventory System,Product Masterlist,Edit
6983,424,Inventory System,Product Masterlist,View Details
6984,424,Inventory System,Product Masterlist,Delete
6985,424,Inventory System,Product Masterlist,Print
6986,424,Inventory System,Product Masterlist,Export
6987,424,Inventory System,Product Masterlist,Import
6988,424,Inventory System,Product Masterlist,Unit Price
6989,424,Inventory System,Product Masterlist,Selling Price
6990,424,Inventory System,Product Masterlist,Open Inventory
6991,424,Inventory System,Product Masterlist,Close Inventory
6992,424,Inventory System,Product Masterlist,View Item Transaction
6993,424,Inventory System,Inventory In,Add
6994,424,Inventory System,Inventory In,Edit
6995,424,Inventory System,Inventory In,Delete
6996,424,Inventory System,Inventory In,Print
6997,424,Inventory System,Inventory Out,Add
6998,424,Inventory System,Inventory Out,Edit
6999,424,Inventory System,Inventory Out,Delete
7000,424,Inventory System,Inventory Out,Print
7001,424,Inventory System,Inventory Out,upload
7002,424,Inventory System,Inventory Out,Import
7003,424,Inventory System,Purchase Order,Add
7004,424,Inventory System,Purchase Order,Edit
7005,424,Inventory System,Purchase Order,Delete
7006,424,Inventory System,Purchase Order,Print
7007,424,Inventory System,Purchase Order,Upload
7008,424,Inventory System,Purchase Order,Import
7009,424,Inventory System,Purchase Order,PO Approved
7010,424,Inventory System,Purchase Order,PR List
7011,424,Inventory System,Purchase Order,PR Select
7012,424,Inventory System,Customer Purchase Order,Add
7013,424,Inventory System,Customer Purchase Order,Add New Customer
7014,424,Inventory System,Customer Purchase Order,Edit
7015,424,Inventory System,Customer Purchase Order,Delete
7016,424,Inventory System,Customer Purchase Order,Print
7017,424,Inventory System,Customer Purchase Order,Upload
7018,424,Inventory System,Customer Purchase Order,Import
7019,424,Inventory System,Preferences,Change Theme
7020,424,Inventory System,Purchase Request,Add
7021,424,Inventory System,Purchase Request,Edit
7022,424,Inventory System,Purchase Request,Delete
7023,424,Inventory System,Purchase Request,Print
7024,424,Inventory System,Purchase Request,Upload
7025,424,Inventory System,Purchase Request,Import
7026,424,Inventory System,Purchase Request,PR Approved
7027,424,Inventory System,Inventory Loss,Add
7028,424,Inventory System,Inventory Loss,Edit
7029,424,Inventory System,Inventory Loss,Delete
7030,424,Inventory System,Inventory Loss,Print
7031,424,Inventory System,Product Masterlist History,History
7032,424,Inventory System,Product Masterlist History,History Export
7033,424,Inventory System,Product Masterlist History,History Delete
7034,424,Payroll System,Main Window,Main Window
7035,424,Payroll System,Category A,Sub Window
7036,424,Payroll System,Category B,Feature 01
7037,424,Payroll System,Category C,Feature 02
7038,424,Payroll System,Category D,Feature 03
7039,424,Point of Sales,Main Window,Main Window
7040,424,Point of Sales,Transactions,View
7041,424,Point of Sales,Transactions,Add
7042,424,Point of Sales,Transactions,Edit
7043,424,Point of Sales,Transactions,Void
7044,424,Point of Sales,Transactions,Refund
7045,424,Point of Sales,Transactions,Open New Day
7046,424,Point of Sales,Transactions,Discounts
7047,424,Point of Sales,Reports,Perform X-Reading
7048,424,Point of Sales,Reports,Perform Z-Reading
7049,424,Fixed Assets Management,Main Window,Main Window
7050,424,Fixed Assets Management,Category A,Sub Window
7051,424,Fixed Assets Management,Category B,Feature 01
7052,424,Fixed Assets Management,Category C,Feature 02
7053,424,Fixed Assets Management,Category D,Feature 03
