uuid,userid,roleclass,rolename,role_description,deletestatus,usertracker,createtime,payment_amount,payment_reference,payment_mode
RL-001c736e192f9e720bf4f74e9b7a9b49,202603693740,Route,/pricesyncing,/pricesyncing,Active,PUBLIC_SIGNUP,0000-00-00 00:00:00,0.00,,
RL-01fdccf79d151b984e6aed338c0d5053,202603625430,Route,/purchaseorder,/purchaseorder,Active,PUBLIC_SIGNUP,0000-00-00 00:00:00,0.00,,
RL-0465046546465464654654654654654,202603625430,Route,/planapproval,/planapproval,Active,PUBLIC_SIGNUP,0000-00-00 00:00:00,0.00,,
RL-04f5eb39c839b7eaf3cb28bf4b09b69d,202603625430,Route,/closingaccountingentries,/closingaccountingentries,Active,PUBLIC_SIGNUP,0000-00-00 00:00:00,0.00,,
RL-0503ed611b003ab5bc476b841f9f2445,202603625430,Route,/subscriptions,/subscriptions,Active,PUBLIC_SIGNUP,0000-00-00 00:00:00,0.00,,
RL-065c954963750fc1e4a4b9269aeba077,202603625430,Route,/uploadpage,/uploadpage,Active,PUBLIC_SIGNUP,0000-00-00 00:00:00,0.00,,
RL-0968d17479ddb9e0e44695547e500e47,202603625430,Function,DISBURSEMENT ENCODER,DISBURSEMENT ENCODER,Active,PUBLIC_SIGNUP,0000-00-00 00:00:00,0.00,,
RL-0b06c37b0ced580b5b784da179a235b3,202603625430,Function,IMS-DELIVERY,IMS-DELIVERY,Active,PUBLIC_SIGNUP,0000-00-00 00:00:00,0.00,,
RL-0e65faabc8872f25448c87148078fd44,202603625430,Route,/billingandcollections,/billingandcollections,Active,PUBLIC_SIGNUP,0000-00-00 00:00:00,0.00,,
RL-0ebede03c750874dc7613984920ac233,202603625430,Route,/pdcsreport,/pdcsreport,Active,PUBLIC_SIGNUP,0000-00-00 00:00:00,0.00,,
RL-100208f9ed9d5d7b3b7d1662a1d6b07a,202603625430,Route,/mop,/mop,Active,PUBLIC_SIGNUP,0000-00-00 00:00:00,0.00,,
RL-10ad62c99baf5775f4af8c12dc1db295,202603625430,Route,/supplier,/supplier,Active,PUBLIC_SIGNUP,0000-00-00 00:00:00,0.00,,
RL-12b96d1e1cfe,202603625430,Route,/poscorehomescreen,/poscorehomescreen,Active,2.02604E+11,0000-00-00 00:00:00,0.00,,
RL-1636d03fc9415b6852023cf48b6b0a25,202603625430,Route,/inventoryforecasting,/inventoryforecasting,Active,PUBLIC_SIGNUP,0000-00-00 00:00:00,0.00,,
RL-1687f862a72fa75310ffef57532bd27b,202603625430,Route,/usersqueu,/usersqueu,Active,PUBLIC_SIGNUP,0000-00-00 00:00:00,0.00,,
RL-16d3d0022219f7efcd02909799b00d04,202603625430,Route,/priceassignment,/priceassignment,Active,PUBLIC_SIGNUP,0000-00-00 00:00:00,0.00,,
RL-179579b87c25446a88de3e740698dd6f,202603625430,Route,/colorsettings,/colorsettings,Active,PUBLIC_SIGNUP,0000-00-00 00:00:00,0.00,,
RL-17db5850fc86f6ac48de3e02ec70a475,202603625430,Route,/pricing,/pricing,Active,PUBLIC_SIGNUP,0000-00-00 00:00:00,0.00,,
RL-1c234ff429b706d7918e09bce89c277d,202603625430,Route,/unitdistribution,/unitdistribution,Active,PUBLIC_SIGNUP,0000-00-00 00:00:00,0.00,,
RL-1fb3be270e7a371ca27a8109539591c6,202603625430,Function,ACCTG-JV,ACCTG-JV,Active,PUBLIC_SIGNUP,0000-00-00 00:00:00,0.00,,
RL-2159f3fa2776bf1af550bf46ef208254,202603625430,Route,/inventorystockstatus,/inventorystockstatus,Active,PUBLIC_SIGNUP,0000-00-00 00:00:00,0.00,,
RL-21b172f8a6b5e39272f8b071cb12769e,202603625430,Route,/bankrecon,/bankrecon,Active,PUBLIC_SIGNUP,0000-00-00 00:00:00,0.00,,
RL-21f9b4b9b3bb907b5db209bb227eb839,202603625430,Route,/customeraccountsummary/:id,/customeraccountsummary/:id,Active,PUBLIC_SIGNUP,0000-00-00 00:00:00,0.00,,
RL-2247391b1305a6c014f81ec123a324a0,202603625430,Route,/infinitescroll,/infinitescroll,Active,PUBLIC_SIGNUP,0000-00-00 00:00:00,0.00,,
RL-22ba766be4a28c33264dfac1e47ef028,202603625430,Route,/changepassword,/changepassword,Active,PUBLIC_SIGNUP,0000-00-00 00:00:00,0.00,,
RL-267ecddf648b3440af26be0ddc3d3037,202603625430,Route,/stocklevel,/stocklevel,Active,PUBLIC_SIGNUP,0000-00-00 00:00:00,0.00,,
RL-27cdcb07b1343ce88affa53df9fda078,202603625430,Function,IMS-BILLING OFFICER,IMS-BILLING OFFICER,Active,PUBLIC_SIGNUP,0000-00-00 00:00:00,0.00,,
RL-29104fac8474adc91030a086d3726e88,202603625430,Route,/applyot,/applyot,Active,PUBLIC_SIGNUP,0000-00-00 00:00:00,0.00,,
RL-299c1b6d1db9,202603693740,Route,/salesrecordssyncing,/salesrecordssyncing,Active,2.02604E+11,0000-00-00 00:00:00,0.00,,
RL-2e8c5efd7d60a40b977c8880b2343f26,202603625430,Route,/discount,/discount,Active,PUBLIC_SIGNUP,0000-00-00 00:00:00,0.00,,
RL-2eaa51d5da821fba92af144d9d159fe2,202603625430,Route,/closependingsales,/closependingsales,Active,PUBLIC_SIGNUP,0000-00-00 00:00:00,0.00,,
RL-30edbe0235e54ccbcb73ea0125f116e0,202603625430,Function,SALES-ADMIN,SALES-ADMIN,Active,PUBLIC_SIGNUP,0000-00-00 00:00:00,0.00,,
RL-31f376befdab3952aeb9b682696c30a2,202603625430,Route,/saletype,/saletype,Active,PUBLIC_SIGNUP,0000-00-00 00:00:00,0.00,,
RL-34052e8724a1d9f9155c3cdf4ac4302f,202603625430,Route,/applyleave,/applyleave,Active,PUBLIC_SIGNUP,0000-00-00 00:00:00,0.00,,
RL-357c6e0b7446ee7df38becd6df517f1d,202603625430,Route,/buildcomponents,/buildcomponents,Active,PUBLIC_SIGNUP,0000-00-00 00:00:00,0.00,,
RL-36eeb4e8f813b1a623441f59b9dd6f90,202603625430,Function,ACCTG-PCF,ACCTG-PCF,Active,PUBLIC_SIGNUP,0000-00-00 00:00:00,0.00,,
RL-388945161823340534ce52b1fdccde06,202603625430,Function,IMS-BILLING VIEW KEY,IMS-BILLING VIEW KEY,Active,PUBLIC_SIGNUP,0000-00-00 00:00:00,0.00,,
RL-3b15070e18e93a0b618458900c8123d2,202603625430,Route,/salestrackersummary,/salestrackersummary,Active,PUBLIC_SIGNUP,0000-00-00 00:00:00,0.00,,
RL-3b78558ac3b73ff8495ec7d40a16ea6e,202603625430,Function,SALES-QUEUE,SALES-QUEUE,Active,PUBLIC_SIGNUP,0000-00-00 00:00:00,0.00,,
RL-3b7ecc668085699f424473a8d110b8de,202603625430,Route,/customerspdcsreport,/customerspdcsreport,Active,PUBLIC_SIGNUP,0000-00-00 00:00:00,0.00,,
RL-3c4a8059606aca2de9781fa205b9c81e,202603625430,Route,/customersinfo,/customersinfo,Active,PUBLIC_SIGNUP,0000-00-00 00:00:00,0.00,,
RL-3cf94c9b0cd5c3f7ce2f045ea79f0c15,202603625430,Route,/brands,/brands,Active,PUBLIC_SIGNUP,0000-00-00 00:00:00,0.00,,
RL-3f181631caeeed8ba16d13c15d70263a,202603625430,Route,/inventoryusage,/inventoryusage,Active,PUBLIC_SIGNUP,0000-00-00 00:00:00,0.00,,
RL-417070b5f200da78473c39a0a151d748,202603625430,Route,/pettycashfund,/pettycashfund,Active,PUBLIC_SIGNUP,0000-00-00 00:00:00,0.00,,
RL-45947e5ede2e1e59b3635e83c7b2c3ca,202603625430,Route,/daytype,/daytype,Active,PUBLIC_SIGNUP,0000-00-00 00:00:00,0.00,,
RL-465456cscdsa,202602461836,Route,/pricesyncing,/pricesyncing,Active,2.02604E+11,0000-00-00 00:00:00,0.00,,
RL-4783f8719c2f54eb221c0f74510552b3,202603625430,Route,/customersinfosummary,/customersinfosummary,Active,PUBLIC_SIGNUP,0000-00-00 00:00:00,0.00,,
RL-4872105dc18b63534057bb79bf388086,202603625430,Route,/disbursements,/disbursements,Active,PUBLIC_SIGNUP,0000-00-00 00:00:00,0.00,,
RL-4a77666f1cf6,202603625430,Route,/gsheetsbs,/gsheetsbs,Active,2.02604E+11,0000-00-00 00:00:00,0.00,,
RL-4a77a1b21cf6,202603625430,Route,/gsheets,/gsheets,Active,2.02604E+11,0000-00-00 00:00:00,0.00,,
RL-4a77f7251cf6,202603625430,Route,/poscoreselectbusunit,/poscoreselectbusunit,Active,2.02604E+11,0000-00-00 00:00:00,0.00,,
RL-4a7812821cf6,202603625430,Route,/poscorelogin,/poscorelogin,Active,2.02604E+11,0000-00-00 00:00:00,0.00,,
RL-4d1dfae0285cfd3ad4a16423829bab76,202603625430,Route,/busunits,/busunits,Active,PUBLIC_SIGNUP,0000-00-00 00:00:00,0.00,,
RL-4e7fd6291543ab7440ac49f9e88d6df6,202603625430,Function,SALES-CASHIER,SALES-CASHIER,Active,PUBLIC_SIGNUP,0000-00-00 00:00:00,0.00,,
RL-4e8d659561032b50c25095cf9669d3ec,202603625430,Function,ACCTG-TREASURY,ACCTG-TREASURY,Active,PUBLIC_SIGNUP,0000-00-00 00:00:00,0.00,,
RL-4fe7c0afbce463c246beafe2091fbdd9,202603625430,Function,IMS-VIEW PR,IMS-VIEW PR,Active,PUBLIC_SIGNUP,0000-00-00 00:00:00,0.00,,
RL-53c282b6d174fa2d47988ba4ca732d05,202603625430,Route,/pcfsetup,/pcfsetup,Active,PUBLIC_SIGNUP,0000-00-00 00:00:00,0.00,,
RL-53cdb99181326b1d30d244377aad8a48,202603625430,Route,/employeemanagementdashboard,/employeemanagementdashboard,Active,PUBLIC_SIGNUP,0000-00-00 00:00:00,0.00,,
RL-5544a091e08aae163105e1c6b2862a19,202603625430,Route,/product,/product,Active,PUBLIC_SIGNUP,0000-00-00 00:00:00,0.00,,
RL-55733c25eea069f6df7b1a5a6831980a,202603625430,Function,IMS-PRODUCTION,IMS-PRODUCTION,Active,PUBLIC_SIGNUP,0000-00-00 00:00:00,0.00,,
RL-55848a63c2e785492f7a50e1da5a883f,202603625430,Route,/invreportbybrandandproductcode,/invreportbybrandandproductcode,Active,PUBLIC_SIGNUP,0000-00-00 00:00:00,0.00,,
RL-5a42d50c9d6b6d4797c1f0c8b1a1c342,202603625430,Function,IMS-PR-APPROVER,IMS-PR-APPROVER,Active,PUBLIC_SIGNUP,0000-00-00 00:00:00,0.00,,
RL-5aea04496b92d7127f094b8a2b5e6da3,202603625430,Function,HRIS-ADMIN,HRIS-ADMIN,Active,PUBLIC_SIGNUP,0000-00-00 00:00:00,0.00,,
RL-5b5b8c5f0f4541db7f4fda5e252c0182,202603625430,Function,REPORTS-CORPORATION,REPORTS-CORPORATION,Active,PUBLIC_SIGNUP,0000-00-00 00:00:00,0.00,,
RL-5c201932717719b12639895f4194a060,202603625430,Function,DISBURSEMENT CLEARING,DISBURSEMENT CLEARING,Active,PUBLIC_SIGNUP,0000-00-00 00:00:00,0.00,,
RL-5caf7bb95a90095ce7a11632fe05905d,202603625430,Route,/cashieringreport,/cashieringreport,Active,PUBLIC_SIGNUP,0000-00-00 00:00:00,0.00,,
RL-5fb605f098c07247cbffb1b14b320895,202603625430,Route,/purchaserequest/:prId,/purchaserequest/:prId,Active,PUBLIC_SIGNUP,0000-00-00 00:00:00,0.00,,
RL-62b2955b1c676a63c31a2e774f4fc694,202603625430,Route,/chartofaccount,/chartofaccount,Active,PUBLIC_SIGNUP,0000-00-00 00:00:00,0.00,,
RL-62b3a1a4d6d01616f0f436e81569fbe9,202603625430,Function,IMS-ALLOCATOR,IMS-ALLOCATOR,Active,PUBLIC_SIGNUP,0000-00-00 00:00:00,0.00,,
RL-65181f8e194bd74e41cfc78982ff034b,202603625430,Route,/allocation,/allocation,Active,PUBLIC_SIGNUP,0000-00-00 00:00:00,0.00,,
RL-65da3df17d402861c82bef41d910dbe4,202603625430,Route,/acctgtransmap,/acctgtransmap,Active,PUBLIC_SIGNUP,0000-00-00 00:00:00,0.00,,
RL-676435ae69e0670c6d91eddf749fb0bf,202603625430,Route,/productionrequest,/productionrequest,Active,PUBLIC_SIGNUP,0000-00-00 00:00:00,0.00,,
RL-67ba20050e0d161f2230e411ddcaf0b6,202603625430,Route,/navigationpage,/navigationpage,Active,PUBLIC_SIGNUP,0000-00-00 00:00:00,0.00,,
RL-69d428cec02d645a43c6ea30cc390603,202603625430,Route,/salepackagemap,/salepackagemap,Active,PUBLIC_SIGNUP,0000-00-00 00:00:00,0.00,,
RL-6d2544d7f46401cf7f4292550802b622,202603625430,Route,/glcode,/glcode,Active,PUBLIC_SIGNUP,0000-00-00 00:00:00,0.00,,
RL-6d49f991c8a8be7338e1f6885ebb4c44,202603625430,Route,/accountingsetup,/accountingsetup,Active,PUBLIC_SIGNUP,0000-00-00 00:00:00,0.00,,
RL-71241825bdd144dd7d831293e55cb4db,202603625430,Function,IMS-VIEW PO,IMS-VIEW PO,Active,PUBLIC_SIGNUP,0000-00-00 00:00:00,0.00,,
RL-7160a5cad78e458a715b7dd1b051d868,202603625430,Function,DEPOSIT CLEARING,DEPOSIT CLEARING,Active,PUBLIC_SIGNUP,0000-00-00 00:00:00,0.00,,
RL-7276483f5b7890347815a4326d5f5c18,202603625430,Route,/salesdashboardsummary,/salesdashboardsummary,Active,PUBLIC_SIGNUP,0000-00-00 00:00:00,0.00,,
RL-72f1696275b6bfeeed81021b5ffbb985,202603625430,Route,/spoilages,/spoilages,Active,PUBLIC_SIGNUP,0000-00-00 00:00:00,0.00,,
RL-738bc19ceb6e494c9bd8143664c303b6,202603625430,Route,/reportbalancesheet,/reportbalancesheet,Active,PUBLIC_SIGNUP,0000-00-00 00:00:00,0.00,,
RL-7b855de98602683917cadf41bbe65f74,202603625430,Route,/pricingbysaletype,/pricingbysaletype,Active,PUBLIC_SIGNUP,0000-00-00 00:00:00,0.00,,
RL-8070930e43bd4b53011f81d95a210bab,202603625430,Function,ACCTG-ADMIN,ACCTG-ADMIN,Active,PUBLIC_SIGNUP,0000-00-00 00:00:00,0.00,,
RL-80b564f0c204af98357190ac1358f8fc,202603625430,Route,/journalvoucher,/journalvoucher,Active,PUBLIC_SIGNUP,0000-00-00 00:00:00,0.00,,
RL-8287cc45de434868a5e5f807c0a8f60b,202603625430,Function,REPORTS-AREA,REPORTS-AREA,Active,PUBLIC_SIGNUP,0000-00-00 00:00:00,0.00,,
RL-828f1831e751cc1ba2a8dadd880151f1,202603625430,Function,ACCTG-REPORTS,ACCTG-REPORTS,Active,PUBLIC_SIGNUP,0000-00-00 00:00:00,0.00,,
RL-83d8e9dc3cdbfebb5b3eefa78a708cec,202603625430,Route,/purchaserequest,/purchaserequest,Active,PUBLIC_SIGNUP,0000-00-00 00:00:00,0.00,,
RL-83f64c6b1eee5a9b1bf6715afc03c81d,202603625430,Function,HRIS-TEAM PLAYER,HRIS-TEAM PLAYER,Active,PUBLIC_SIGNUP,0000-00-00 00:00:00,0.00,,
RL-8512c82111fbd2bef4cc2fb7e99bb38c,202603625430,Route,/ims,/ims,Active,PUBLIC_SIGNUP,0000-00-00 00:00:00,0.00,,
RL-88ec4c00385b56a60445e6d90a7293c3,202603625430,Function,ACCTG-DISBURSEMENT,ACCTG-DISBURSEMENT,Active,PUBLIC_SIGNUP,0000-00-00 00:00:00,0.00,,
RL-89164d9df610791a5595ebcfe70d64d6,202603625430,Route,/inventorydashboard,/inventorydashboard,Active,PUBLIC_SIGNUP,0000-00-00 00:00:00,0.00,,
RL-897ae2b54d7894894729923fc97acc9d,202603625430,Route,/inventoryaveragecosting,/inventoryaveragecosting,Active,PUBLIC_SIGNUP,0000-00-00 00:00:00,0.00,,
RL-8994ee39642b8c8a62041b17129a5cb1,202603625430,Route,/renewalandplanupgrade,/renewalandplanupgrade,Active,PUBLIC_SIGNUP,0000-00-00 00:00:00,0.00,,
RL-8c44e69b32eceafbac0880a1d1797c40,202603625430,Route,/package,/package,Active,PUBLIC_SIGNUP,0000-00-00 00:00:00,0.00,,
RL-8c4714f20583bb4476fb408d7b27cde9,202603625430,Function,HRIS-TEAM LEADER,HRIS-TEAM LEADER,Active,PUBLIC_SIGNUP,0000-00-00 00:00:00,0.00,,
RL-8c5162513d16edde9632ba0c267db27c,202603625430,Route,/pos,/pos,Active,PUBLIC_SIGNUP,0000-00-00 00:00:00,0.00,,
RL-8e7173f8e1e4ad7767d5c0bac8d91ef5,202603625430,Function,IMS-PURCHASER,IMS-PURCHASER,Active,PUBLIC_SIGNUP,0000-00-00 00:00:00,0.00,,
RL-8e9ff5639817078040927b174f32606a,202603625430,Route,/accountsummary/:id,/accountsummary/:id,Active,PUBLIC_SIGNUP,0000-00-00 00:00:00,0.00,,
RL-8eeb43ed9e06f010438d73f81de9502d,202603625430,Route,/teammembers/:id,/teammembers/:id,Active,PUBLIC_SIGNUP,0000-00-00 00:00:00,0.00,,
RL-8f4be68701101b82b797f2aceabce74e,202603625430,Route,/employeelocation,/employeelocation,Active,PUBLIC_SIGNUP,0000-00-00 00:00:00,0.00,,
RL-9044ff5ee08e2a92b02a91ecaa333cad,202603625430,Route,/memberprofile/:id,/memberprofile/:id,Active,PUBLIC_SIGNUP,0000-00-00 00:00:00,0.00,,
RL-914a2d48149487c284c6b865cce80454,202603625430,Route,/projectassignment,/projectassignment,Active,PUBLIC_SIGNUP,0000-00-00 00:00:00,0.00,,
RL-91cdcd9511d61ca0283c6a5319dbfa4a,202603625430,Route,/productcategory,/productcategory,Active,PUBLIC_SIGNUP,0000-00-00 00:00:00,0.00,,
RL-93a3df92fd3bc0f3a39702601cc0e47d,202603625430,Function,IMS-PO-APPROVER,IMS-PO-APPROVER,Active,PUBLIC_SIGNUP,0000-00-00 00:00:00,0.00,,
RL-95c0d559d03899861d23af7c4b36c06b,202603625430,Function,IMS-PRODUCTION OFFICER,IMS-PRODUCTION OFFICER,Active,PUBLIC_SIGNUP,0000-00-00 00:00:00,0.00,,
RL-98ab82e02e0e60a8e3301a3c77760a41,202603625430,Route,/aboutus,/aboutus,Active,PUBLIC_SIGNUP,0000-00-00 00:00:00,0.00,,
RL-9b934be36a1865c556ac0cbe70c9ba23,202603625430,Route,/fixedasset,/fixedasset,Active,PUBLIC_SIGNUP,0000-00-00 00:00:00,0.00,,
RL-9d2ded8d6d93f78cd41081ff3816adf2,202603625430,Route,/reportprofitandloss,/reportprofitandloss,Active,PUBLIC_SIGNUP,0000-00-00 00:00:00,0.00,,
RL-a037a1928a0465ac2b1fa96e92e9ec7b,202603625430,Route,/teamsprofile,/teamsprofile,Active,PUBLIC_SIGNUP,0000-00-00 00:00:00,0.00,,
RL-a2b1a78984743b5beb11ed738aa23d91,202603625430,Route,/salestracker,/salestracker,Active,PUBLIC_SIGNUP,0000-00-00 00:00:00,0.00,,
RL-a92d2fe3e636534520bc1b084316f6b0,202603625430,Route,/salesqueue,/salesqueue,Active,PUBLIC_SIGNUP,0000-00-00 00:00:00,0.00,,
RL-aaf63d575135349b3ff932aa2224eb64,202603625430,Route,/employeeinfo,/employeeinfo,Active,PUBLIC_SIGNUP,0000-00-00 00:00:00,0.00,,
RL-ac23be94e242206b0d5b5161163f8f8e,202603625430,Function,IMS-DRIVER,IMS-DRIVER,Active,PUBLIC_SIGNUP,0000-00-00 00:00:00,0.00,,
RL-ac76712644541c9bdbeaa94c80c06c6c,202603625430,Route,/tutorials,/tutorials,Active,PUBLIC_SIGNUP,0000-00-00 00:00:00,0.00,,
RL-ad3fefeeb3421bdba52f05617776a45a,202603625430,Function,HRIS-PROJECT MANAGER,HRIS-PROJECT MANAGER,Active,PUBLIC_SIGNUP,0000-00-00 00:00:00,0.00,,
RL-af81ecb3eda5ca5b0af807b432c69d08,202603625430,Route,/accounting,/accounting,Active,PUBLIC_SIGNUP,0000-00-00 00:00:00,0.00,,
RL-afbeb3e8d122e19baa1ae080845b43a9,202603625430,Function,ACCTG-DEPOSITS,ACCTG-DEPOSITS,Active,PUBLIC_SIGNUP,0000-00-00 00:00:00,0.00,,
RL-b431886ad943e361e978a9508cc8db55,202603625430,Route,/priceselection,/priceselection,Active,PUBLIC_SIGNUP,0000-00-00 00:00:00,0.00,,
RL-b5b647c9f9e349e11f2c8f4b4b132834,202603625430,Route,/approvecreds,/approvecreds,Active,PUBLIC_SIGNUP,0000-00-00 00:00:00,0.00,,
RL-b6e67f061d1a,202603625430,Business Unit,BU-75b83d6ec640,EXINNOV MAIN STORE,Active,2.02604E+11,0000-00-00 00:00:00,0.00,,
RL-b6fb638ad994f8784cc8c18f2dffec55,202603625430,Route,/userrolesetup,/userrolesetup,Active,PUBLIC_SIGNUP,0000-00-00 00:00:00,0.00,,
RL-b8bcdb0d7f8658de91f0dd62c953def0,202603625430,Route,/profitandlossdashboard,/profitandlossdashboard,Active,PUBLIC_SIGNUP,0000-00-00 00:00:00,0.00,,
RL-bbf2d095ac58f0678deab7b6ec9c8eee,202603625430,Route,/dashboardtwo,/dashboardtwo,Active,PUBLIC_SIGNUP,0000-00-00 00:00:00,0.00,,
RL-bd43e1b41f53,202603625430,Business Unit,BU-a3eb0cba2979,DABZ STORE 1,Active,2.02604E+11,0000-00-00 00:00:00,0.00,,
RL-bdec0103029e9ae92cc8689d51b3f888,202603625430,Route,/inventorysetup,/inventorysetup,Active,PUBLIC_SIGNUP,0000-00-00 00:00:00,0.00,,
RL-bf088c7db4cfd2f6fc3d935b6c8ccf53,202603625430,Route,/employee_position,/employee_position,Active,PUBLIC_SIGNUP,0000-00-00 00:00:00,0.00,,
RL-bfb15c8b78bdd5374db8623ea6e02ede,202603625430,Route,/pettycashtransaction,/pettycashtransaction,Active,PUBLIC_SIGNUP,0000-00-00 00:00:00,0.00,,
RL-c0bb06e4545703bfaa6b5c5a93dd43a9,202603625430,Route,/areas,/areas,Active,PUBLIC_SIGNUP,0000-00-00 00:00:00,0.00,,
RL-c143478b67a0c7a6d65a3e3c5f8371dc,202603625430,Route,/packageuse,/packageuse,Active,PUBLIC_SIGNUP,0000-00-00 00:00:00,0.00,,
RL-c33d7fa3e993f98f11a04c69bf05bcb6,202603625430,Route,/department,/department,Active,PUBLIC_SIGNUP,0000-00-00 00:00:00,0.00,,
RL-c4549677548e47a612067fb311c839fb,202603625430,Function,IMS-PR-FRANCHISE,IMS-PR-FRANCHISE,Active,PUBLIC_SIGNUP,0000-00-00 00:00:00,0.00,,
RL-c4a22b9918435baa8626de6abbf19729,202603625430,Route,/deposits,/deposits,Active,PUBLIC_SIGNUP,0000-00-00 00:00:00,0.00,,
RL-c8dd5baf6237305e1753e689c2be0b7e,202603625430,Route,/salesdashboard,/salesdashboard,Active,PUBLIC_SIGNUP,0000-00-00 00:00:00,0.00,,
RL-c8ee6e1aeb4b5b274bfe529fc6848d55,202603625430,Route,/slcode,/slcode,Active,PUBLIC_SIGNUP,0000-00-00 00:00:00,0.00,,
RL-cb920e5a59a4426ac9dd4f8f21a63f98,202603625430,Route,/role_class_function,/role_class_function,Active,PUBLIC_SIGNUP,0000-00-00 00:00:00,0.00,,
RL-cc768f3ebaa058f6c8a5c56253324703,202603625430,Function,IMS-PRICING EDITOR,IMS-PRICING EDITOR,Active,PUBLIC_SIGNUP,0000-00-00 00:00:00,0.00,,
RL-cd492a211884e483ca7a1cd82188fdeb,202603625430,Function,IMS-INVENTORY SETUP,IMS-INVENTORY SETUP,Active,PUBLIC_SIGNUP,0000-00-00 00:00:00,0.00,,
RL-ce5f98b17eb84734c7b7b696ffc1e936,202603625430,Route,/teamassignment,/teamassignment,Active,PUBLIC_SIGNUP,0000-00-00 00:00:00,0.00,,
RL-ce603f21cdb17a1c9c5ac7732ca483b4,202603625430,Function,SUPER ADMIN,SUPER ADMIN,Active,PUBLIC_SIGNUP,0000-00-00 00:00:00,0.00,,
RL-d06e5b1c822915149c60a097f807c056,202603625430,Route,/referral,/referral,Active,PUBLIC_SIGNUP,0000-00-00 00:00:00,0.00,,
RL-d453877d40363270b1123ddf58f08aa2,202603625430,Route,/reportpnlcomparative,/reportpnlcomparative,Active,PUBLIC_SIGNUP,0000-00-00 00:00:00,0.00,,
RL-d4d76c7409359a145a8a6f57bc2a05dc,202603625430,Function,SALES-QUOTATION,SALES-QUOTATION,Active,PUBLIC_SIGNUP,0000-00-00 00:00:00,0.00,,
RL-d51144d78dc8171f641e98e382c4ca0f,202603625430,Route,/noninventory,/noninventory,Active,PUBLIC_SIGNUP,0000-00-00 00:00:00,0.00,,
RL-d552b6531d28,202603625430,Plan,UNLIMITED,UNLIMITED,Active,2.02604E+11,0000-00-00 00:00:00,2500.00,123456,GCash
RL-d56428666c0f826530ccc758049dbeea,202603625430,Route,/salestrackercomponent,/salestrackercomponent,Active,PUBLIC_SIGNUP,0000-00-00 00:00:00,0.00,,
RL-d7d3f7ed20eaf3ca958c3fa6d3a938f8,202603625430,Route,/charttype,/charttype,Active,PUBLIC_SIGNUP,0000-00-00 00:00:00,0.00,,
RL-d87b586d326dbdb7aba98a675ae7fdcb,202603625430,Route,/timelogs,/timelogs,Active,PUBLIC_SIGNUP,0000-00-00 00:00:00,0.00,,
RL-dac77b073f7d2e7613a2b2d91b393668,202603625430,Route,/hris,/hris,Active,PUBLIC_SIGNUP,0000-00-00 00:00:00,0.00,,
RL-dcfd7fbad4c5c777ae0519662fa32dfd,202603625430,Route,/settings,/settings,Active,PUBLIC_SIGNUP,0000-00-00 00:00:00,0.00,,
RL-e04497b44b45aa8fba75f404f618d002,202603625430,Route,/zreading,/zreading,Active,PUBLIC_SIGNUP,0000-00-00 00:00:00,0.00,,
RL-e17dcb0fb02fb3cb5aeb9b88452c5ee4,202603625430,Function,ACCTG-ASSETS,ACCTG-ASSETS,Active,PUBLIC_SIGNUP,0000-00-00 00:00:00,0.00,,
RL-e19be9cf607e4ec79a20c232effeee40,202603625430,Function,SALES OFFICER,SALES OFFICER,Active,PUBLIC_SIGNUP,0000-00-00 00:00:00,0.00,,
RL-e2aaa5b9ace5f462963e8974d278394c,202603625430,Route,/dashboard,/dashboard,Active,PUBLIC_SIGNUP,0000-00-00 00:00:00,0.00,,
RL-e690716f607f4306d0d43e7444e0fb25,202603625430,Route,/chartofaccountmap,/chartofaccountmap,Active,PUBLIC_SIGNUP,0000-00-00 00:00:00,0.00,,
RL-e718bf62432f5746637218c1eb332d56,202603625430,Route,/salessummarytabular,/salessummarytabular,Active,PUBLIC_SIGNUP,0000-00-00 00:00:00,0.00,,
RL-e9d19d17519b2d9befa6678a8eea251a,202603625430,Route,/inventorygraph,/inventorygraph,Active,PUBLIC_SIGNUP,0000-00-00 00:00:00,0.00,,
RL-ea108b2e9287d562615fcf480707f268,202603625430,Route,/tasks,/tasks,Active,PUBLIC_SIGNUP,0000-00-00 00:00:00,0.00,,
RL-ec6704cb8253afed3266f3fa86d9c06e,202603625430,Route,/corporation,/corporation,Active,PUBLIC_SIGNUP,0000-00-00 00:00:00,0.00,,
RL-efa792c8bcb42543b9f976cd88ba696f,202603625430,Route,/teams,/teams,Active,PUBLIC_SIGNUP,0000-00-00 00:00:00,0.00,,
RL-f2670c9c8da50c16734d2b1044228065,202603625430,Function,REPORTS-BRAND,REPORTS-BRAND,Active,PUBLIC_SIGNUP,0000-00-00 00:00:00,0.00,,
RL-f2c49003b75346be6776863c62fdbd47,202603625430,Function,IMS-SPOILAGE OFFICER,IMS-SPOILAGE OFFICER,Active,PUBLIC_SIGNUP,0000-00-00 00:00:00,0.00,,
RL-f8ce75113af9a69d49cbdf6541d46bbd,202603625430,Function,IMS-ADMIN,IMS-ADMIN,Active,PUBLIC_SIGNUP,0000-00-00 00:00:00,0.00,,
RL-fa3c7a558a9c19f3d43fc1e5df51eee2,202603625430,Route,/rawmats,/rawmats,Active,PUBLIC_SIGNUP,0000-00-00 00:00:00,0.00,,
RL-fa8355c02e92cad92f2f8a7a732c81a0,202603625430,Route,/transfers,/transfers,Active,PUBLIC_SIGNUP,0000-00-00 00:00:00,0.00,,
RL-fc133274251baf3b598de294fb579fa3,202603625430,Route,/timelogsummary,/timelogsummary,Active,PUBLIC_SIGNUP,0000-00-00 00:00:00,0.00,,
RL-fdd827246fda8f04cc80cc64954e55d5,202603625430,Route,/autopricing,/autopricing,Active,PUBLIC_SIGNUP,0000-00-00 00:00:00,0.00,,
RL-fe7447303acfd2d2662c9c72b6264e6a,202603625430,Route,/userroles,/userroles,Active,PUBLIC_SIGNUP,0000-00-00 00:00:00,0.00,,
RL-fea39c164630b0786418906fab0ae99c,202603625430,Route,/build,/build,Active,PUBLIC_SIGNUP,0000-00-00 00:00:00,0.00,,
RL-ffdd2fcd9b7a1b104a5d4930e64d6cd9,202603625430,Route,/projectsetup,/projectsetup,Active,PUBLIC_SIGNUP,0000-00-00 00:00:00,0.00,,
RL;-456456fdsfd5,202602461836,Route,/salesrecordssyncing," /salesrecordssyncing",Active,2.02604E+11,0000-00-00 00:00:00,0.00,,
